2026-10-04T06:32:43.0330730Z Current runner version: '2.337.0'
2026-10-04T06:32:43.0356902Z ##[group]Runner Image Provisioner
2026-10-04T06:32:43.0357845Z Hosted Compute Agent
2026-10-04T06:32:43.0358541Z Version: 20260901.588
2026-10-04T06:32:43.0359293Z Commit: f88ec8081b781fac6c440065ac7ff9e710ce3d0b
2026-10-04T06:32:43.0360103Z Build Date: 2026-09-01T19:56:44Z
2026-10-04T06:32:43.0360889Z Worker ID: {5e36b3f3-3463-46bc-a1f9-db762345101f}
2026-10-04T06:32:43.0361675Z Azure Region: westcentralus
2026-10-04T06:32:43.0362312Z ##[endgroup]
2026-10-04T06:32:43.0363928Z ##[group]Operating System
2026-10-04T06:32:43.0365045Z Ubuntu
2026-10-04T06:32:43.0366920Z 24.04.5
2026-10-04T06:32:43.0367814Z LTS
2026-10-04T06:32:43.0368622Z ##[endgroup]
2026-10-04T06:32:43.0369731Z ##[group]Runner Image
2026-10-04T06:32:43.0370401Z Image: ubuntu-24.04
2026-10-04T06:32:43.0371055Z Version: 20260927.320.1
2026-10-04T06:32:43.0372411Z Included Software: https://github.com/actions/runner-images/blob/ubuntu24/20260927.320/images/ubuntu/Ubuntu2404-Readme.md
2026-10-04T06:32:43.0374111Z Image Release: https://github.com/actions/runner-images/releases/tag/ubuntu24%2F20260927.320
2026-10-04T06:32:43.0375391Z ##[endgroup]
2026-10-04T06:32:43.0376685Z ##[group]GITHUB_TOKEN Permissions
2026-10-04T06:32:43.0379367Z Contents: read
2026-10-04T06:32:43.0380170Z Metadata: read
2026-10-04T06:32:43.0380879Z ##[endgroup]
2026-10-04T06:32:43.0383174Z Secret source: Actions
2026-10-04T06:32:43.0384601Z Cache mode: write
2026-10-04T06:32:43.0385627Z Prepare workflow directory
2026-10-04T06:32:43.0799673Z Prepare all required actions
2026-10-04T06:32:43.0849283Z Getting action download info
2026-10-04T06:32:43.4178798Z Download action repository 'actions/checkout@v5' (SHA:fbc6f3992d24b796d5a048ff273f7fcc4a7b6c09)
2026-10-04T06:32:43.5220720Z Download action repository 'actions/setup-node@v4' (SHA:49933ea5288caeca8642d1e84afbd3f7d6820020)
2026-10-04T06:32:43.6077756Z Download action repository 'pnpm/action-setup@v4' (SHA:b906affcce14559ad1aafd4ab0e942779e9f58b1)
2026-10-04T06:32:44.2691327Z Download action repository 'actions/cache@v4' (SHA:0057852bfaa89a56745cba8c7296529d2fc39830)
2026-10-04T06:32:44.3610511Z Download action repository 'actions/upload-artifact@v4' (SHA:ea165f8d65b6e75b540449e92b4886f43607fa02)
2026-10-04T06:32:44.5846187Z Complete job name: Verify & Validate Full-Stack RC3
2026-10-04T06:32:44.6754341Z ##[group]Run actions/checkout@v5
2026-10-04T06:32:44.6755402Z with:
2026-10-04T06:32:44.6755920Z   fetch-depth: 0
2026-10-04T06:32:44.6756457Z   repository: yorayriniwnl/Yor-World
2026-10-04T06:32:44.6760776Z   token: ***
2026-10-04T06:32:44.6761286Z   ssh-strict: true
2026-10-04T06:32:44.6761803Z   ssh-user: git
2026-10-04T06:32:44.6762329Z   persist-credentials: true
2026-10-04T06:32:44.6762943Z   clean: true
2026-10-04T06:32:44.6763460Z   sparse-checkout-cone-mode: true
2026-10-04T06:32:44.6764064Z   fetch-tags: false
2026-10-04T06:32:44.6765089Z   show-progress: true
2026-10-04T06:32:44.6832180Z   lfs: false
2026-10-04T06:32:44.6833165Z   submodules: false
2026-10-04T06:32:44.6834502Z   set-safe-directory: true
2026-10-04T06:32:44.6835563Z   allow-unsafe-pr-checkout: false
2026-10-04T06:32:44.6837404Z env:
2026-10-04T06:32:44.6837931Z   CI: true
2026-10-04T06:32:44.6838428Z   NEXT_TELEMETRY_DISABLED: 1
2026-10-04T06:32:44.6839000Z ##[endgroup]
2026-10-04T06:32:44.7941963Z Syncing repository: yorayriniwnl/Yor-World
2026-10-04T06:32:44.7944436Z ##[group]Getting Git version info
2026-10-04T06:32:44.7945348Z Working directory is '/home/runner/work/Yor-World/Yor-World'
2026-10-04T06:32:44.7946502Z [command]/usr/bin/git version
2026-10-04T06:32:44.8061528Z git version 2.55.0
2026-10-04T06:32:44.8089310Z ##[endgroup]
2026-10-04T06:32:44.8107160Z Temporarily overriding HOME='/home/runner/work/_temp/1de73cfe-5b2e-49a0-b8a3-53eb441b496c' before making global git config changes
2026-10-04T06:32:44.8110296Z Adding repository directory to the temporary git global config as a safe directory
2026-10-04T06:32:44.8113131Z [command]/usr/bin/git config --global --add safe.directory /home/runner/work/Yor-World/Yor-World
2026-10-04T06:32:44.8174446Z Deleting the contents of '/home/runner/work/Yor-World/Yor-World'
2026-10-04T06:32:44.8179715Z ##[group]Initializing the repository
2026-10-04T06:32:44.8184630Z [command]/usr/bin/git init /home/runner/work/Yor-World/Yor-World
2026-10-04T06:32:44.8310890Z hint: Using 'master' as the name for the initial branch. This default branch name
2026-10-04T06:32:44.8313730Z hint: will change to "main" in Git 3.0. To configure the initial branch name
2026-10-04T06:32:44.8316155Z hint: to use in all of your new repositories, which will suppress this warning,
2026-10-04T06:32:44.8318163Z hint: call:
2026-10-04T06:32:44.8319265Z hint:
2026-10-04T06:32:44.8320444Z hint: 	git config --global init.defaultBranch <name>
2026-10-04T06:32:44.8321808Z hint:
2026-10-04T06:32:44.8323229Z hint: Names commonly chosen instead of 'master' are 'main', 'trunk' and
2026-10-04T06:32:44.8325606Z hint: 'development'. The just-created branch can be renamed via this command:
2026-10-04T06:32:44.8327292Z hint:
2026-10-04T06:32:44.8328398Z hint: 	git branch -m <name>
2026-10-04T06:32:44.8329500Z hint:
2026-10-04T06:32:44.8330860Z hint: Disable this message with "git config set advice.defaultBranchName false"
2026-10-04T06:32:44.8333829Z Initialized empty Git repository in /home/runner/work/Yor-World/Yor-World/.git/
2026-10-04T06:32:44.8337818Z [command]/usr/bin/git remote add origin https://github.com/yorayriniwnl/Yor-World
2026-10-04T06:32:44.8405327Z ##[endgroup]
2026-10-04T06:32:44.8406958Z ##[group]Disabling automatic garbage collection
2026-10-04T06:32:44.8410275Z [command]/usr/bin/git config --local gc.auto 0
2026-10-04T06:32:44.8458100Z ##[endgroup]
2026-10-04T06:32:44.8459651Z ##[group]Setting up auth
2026-10-04T06:32:44.8461216Z [command]/usr/bin/git config --local --name-only --get-regexp core\.sshCommand
2026-10-04T06:32:44.8493961Z [command]/usr/bin/git submodule foreach --recursive sh -c "git config --local --name-only --get-regexp 'core\.sshCommand' && git config --local --unset-all 'core.sshCommand' || :"
2026-10-04T06:32:44.8893332Z [command]/usr/bin/git config --local --name-only --get-regexp http\.https\:\/\/github\.com\/\.extraheader
2026-10-04T06:32:44.8944832Z [command]/usr/bin/git submodule foreach --recursive sh -c "git config --local --name-only --get-regexp 'http\.https\:\/\/github\.com\/\.extraheader' && git config --local --unset-all 'http.https://github.com/.extraheader' || :"
2026-10-04T06:32:44.9205662Z [command]/usr/bin/git config --local --name-only --get-regexp ^includeIf\.gitdir:
2026-10-04T06:32:44.9246751Z [command]/usr/bin/git submodule foreach --recursive git config --local --show-origin --name-only --get-regexp remote.origin.url
2026-10-04T06:32:44.9509601Z [command]/usr/bin/git config --local http.https://github.com/.extraheader AUTHORIZATION: basic ***
2026-10-04T06:32:44.9554996Z ##[endgroup]
2026-10-04T06:32:44.9557072Z ##[group]Fetching the repository
2026-10-04T06:32:44.9567399Z [command]/usr/bin/git -c protocol.version=2 fetch --prune --no-recurse-submodules origin +refs/heads/*:refs/remotes/origin/* +refs/tags/*:refs/tags/*
2026-10-04T06:32:59.1767829Z From https://github.com/yorayriniwnl/Yor-World
2026-10-04T06:32:59.1769172Z  * [new branch]      audit/g1-hostile-d88f7e1-20261001 -> origin/audit/g1-hostile-d88f7e1-20261001
2026-10-04T06:32:59.1770582Z  * [new branch]      audit/w1-w2-w3-gate-20261001 -> origin/audit/w1-w2-w3-gate-20261001
2026-10-04T06:32:59.1771706Z  * [new branch]      backup/main-20261001 -> origin/backup/main-20261001
2026-10-04T06:32:59.1772488Z  * [new branch]      main                 -> origin/main
2026-10-04T06:32:59.1782779Z [command]/usr/bin/git branch --list --remote origin/main
2026-10-04T06:32:59.1815033Z   origin/main
2026-10-04T06:32:59.1826525Z [command]/usr/bin/git rev-parse refs/remotes/origin/main
2026-10-04T06:32:59.1855180Z 2a1864a0648146462b45ba25e0bbc797cf37f3cd
2026-10-04T06:32:59.1859951Z ##[endgroup]
2026-10-04T06:32:59.1860809Z ##[group]Determining the checkout info
2026-10-04T06:32:59.1861575Z ##[endgroup]
2026-10-04T06:32:59.1868477Z [command]/usr/bin/git sparse-checkout disable
2026-10-04T06:32:59.2074797Z [command]/usr/bin/git config --local --unset-all extensions.worktreeConfig
2026-10-04T06:32:59.2108802Z ##[group]Checking out the ref
2026-10-04T06:32:59.2112464Z [command]/usr/bin/git checkout --progress --force -B main refs/remotes/origin/main
2026-10-04T06:33:00.2496049Z Updating files:  47% (2245/4733)
2026-10-04T06:33:00.2559111Z Updating files:  48% (2272/4733)
2026-10-04T06:33:00.2732445Z Updating files:  49% (2320/4733)
2026-10-04T06:33:00.2759704Z Updating files:  50% (2367/4733)
2026-10-04T06:33:00.2886395Z Updating files:  51% (2414/4733)
2026-10-04T06:33:00.3120059Z Updating files:  52% (2462/4733)
2026-10-04T06:33:00.3361154Z Updating files:  53% (2509/4733)
2026-10-04T06:33:00.3388486Z Updating files:  54% (2556/4733)
2026-10-04T06:33:00.3454431Z Updating files:  55% (2604/4733)
2026-10-04T06:33:00.3493219Z Updating files:  56% (2651/4733)
2026-10-04T06:33:00.3558739Z Updating files:  57% (2698/4733)
2026-10-04T06:33:00.3746717Z Updating files:  58% (2746/4733)
2026-10-04T06:33:00.4252865Z Updating files:  59% (2793/4733)
2026-10-04T06:33:00.4502659Z Updating files:  60% (2840/4733)
2026-10-04T06:33:00.4825469Z Updating files:  61% (2888/4733)
2026-10-04T06:33:00.4870915Z Updating files:  62% (2935/4733)
2026-10-04T06:33:00.4911025Z Updating files:  63% (2982/4733)
2026-10-04T06:33:00.4990879Z Updating files:  64% (3030/4733)
2026-10-04T06:33:00.5195857Z Updating files:  65% (3077/4733)
2026-10-04T06:33:00.5308009Z Updating files:  66% (3124/4733)
2026-10-04T06:33:00.5526296Z Updating files:  67% (3172/4733)
2026-10-04T06:33:00.5611318Z Updating files:  68% (3219/4733)
2026-10-04T06:33:00.5831552Z Updating files:  69% (3266/4733)
2026-10-04T06:33:00.5935730Z Updating files:  70% (3314/4733)
2026-10-04T06:33:00.6019794Z Updating files:  71% (3361/4733)
2026-10-04T06:33:00.6109053Z Updating files:  72% (3408/4733)
2026-10-04T06:33:00.6254748Z Updating files:  73% (3456/4733)
2026-10-04T06:33:00.6303745Z Updating files:  74% (3503/4733)
2026-10-04T06:33:00.6327653Z Updating files:  75% (3550/4733)
2026-10-04T06:33:00.6356135Z Updating files:  76% (3598/4733)
2026-10-04T06:33:00.7230433Z Updating files:  77% (3645/4733)
2026-10-04T06:33:00.8189498Z Updating files:  78% (3692/4733)
2026-10-04T06:33:00.9422186Z Updating files:  79% (3740/4733)
2026-10-04T06:33:00.9626105Z Updating files:  80% (3787/4733)
2026-10-04T06:33:00.9765149Z Updating files:  81% (3834/4733)
2026-10-04T06:33:01.0266142Z Updating files:  82% (3882/4733)
2026-10-04T06:33:01.0358397Z Updating files:  83% (3929/4733)
2026-10-04T06:33:01.0501076Z Updating files:  84% (3976/4733)
2026-10-04T06:33:01.0534963Z Updating files:  85% (4024/4733)
2026-10-04T06:33:01.0661834Z Updating files:  86% (4071/4733)
2026-10-04T06:33:01.0739915Z Updating files:  87% (4118/4733)
2026-10-04T06:33:01.0834945Z Updating files:  88% (4166/4733)
2026-10-04T06:33:01.0878577Z Updating files:  89% (4213/4733)
2026-10-04T06:33:01.0946547Z Updating files:  90% (4260/4733)
2026-10-04T06:33:01.1018222Z Updating files:  91% (4308/4733)
2026-10-04T06:33:01.1045225Z Updating files:  92% (4355/4733)
2026-10-04T06:33:01.1204958Z Updating files:  93% (4402/4733)
2026-10-04T06:33:01.2219423Z Updating files:  94% (4450/4733)
2026-10-04T06:33:01.2407633Z Updating files:  94% (4486/4733)
2026-10-04T06:33:01.3216168Z Updating files:  95% (4497/4733)
2026-10-04T06:33:01.3260382Z Updating files:  96% (4544/4733)
2026-10-04T06:33:01.3294853Z Updating files:  97% (4592/4733)
2026-10-04T06:33:01.3328254Z Updating files:  98% (4639/4733)
2026-10-04T06:33:01.3613106Z Updating files:  99% (4686/4733)
2026-10-04T06:33:01.3613631Z Updating files: 100% (4733/4733)
2026-10-04T06:33:01.3614090Z Updating files: 100% (4733/4733), done.
2026-10-04T06:33:01.5529056Z Switched to a new branch 'main'
2026-10-04T06:33:01.5604722Z branch 'main' set up to track 'origin/main'.
2026-10-04T06:33:01.5743942Z ##[endgroup]
2026-10-04T06:33:01.5797048Z [command]/usr/bin/git log -1 --format=%H
2026-10-04T06:33:01.5834035Z 2a1864a0648146462b45ba25e0bbc797cf37f3cd
2026-10-04T06:33:01.6165882Z ##[group]Run actions/setup-node@v4
2026-10-04T06:33:01.6166364Z with:
2026-10-04T06:33:01.6166651Z   node-version: 24.19.0
2026-10-04T06:33:01.6166893Z   always-auth: false
2026-10-04T06:33:01.6167123Z   check-latest: false
2026-10-04T06:33:01.6169896Z   token: ***
2026-10-04T06:33:01.6170094Z env:
2026-10-04T06:33:01.6170272Z   CI: true
2026-10-04T06:33:01.6170481Z   NEXT_TELEMETRY_DISABLED: 1
2026-10-04T06:33:01.6170720Z ##[endgroup]
2026-10-04T06:33:01.7549380Z Attempting to download 24.19.0...
2026-10-04T06:33:01.7662059Z (node:2376) [DEP0040] DeprecationWarning: The `punycode` module is deprecated. Please use a userland alternative instead.
2026-10-04T06:33:01.7663729Z (Use `node --trace-deprecation ...` to show where the warning was created)
2026-10-04T06:33:02.6422409Z Acquiring 24.19.0 - x64 from https://github.com/actions/node-versions/releases/download/24.19.0-30872449280/node-24.19.0-linux-x64.tar.gz
2026-10-04T06:33:03.3307236Z Extracting ...
2026-10-04T06:33:03.3437770Z [command]/usr/bin/tar xz --strip 1 --warning=no-unknown-keyword --overwrite -C /home/runner/work/_temp/32841c2c-de32-410e-bd41-70d53218e6c3 -f /home/runner/work/_temp/e7458869-49d0-4143-ac5e-093a97946665
2026-10-04T06:33:04.5997948Z Adding to the cache ...
2026-10-04T06:33:06.6083434Z ##[group]Environment details
2026-10-04T06:33:06.8495446Z node: v24.19.0
2026-10-04T06:33:06.8495948Z npm: 11.17.0
2026-10-04T06:33:06.8496371Z yarn: 1.22.22
2026-10-04T06:33:06.8497111Z ##[endgroup]
2026-10-04T06:33:06.8691212Z ##[group]Run pnpm/action-setup@v4
2026-10-04T06:33:06.8691503Z with:
2026-10-04T06:33:06.8691702Z   version: 9.15.9
2026-10-04T06:33:06.8691915Z   run_install: false
2026-10-04T06:33:06.8692135Z   dest: ~/setup-pnpm
2026-10-04T06:33:06.8692400Z   cache: false
2026-10-04T06:33:06.8692628Z   cache_dependency_path: pnpm-lock.yaml
2026-10-04T06:33:06.8692925Z   package_json_file: package.json
2026-10-04T06:33:06.8693176Z   standalone: false
2026-10-04T06:33:06.8693394Z env:
2026-10-04T06:33:06.8693569Z   CI: true
2026-10-04T06:33:06.8693768Z   NEXT_TELEMETRY_DISABLED: 1
2026-10-04T06:33:06.8693999Z ##[endgroup]
2026-10-04T06:33:07.0222291Z ##[group]Running self-installer...
2026-10-04T06:33:07.4811119Z (node:2423) [DEP0169] DeprecationWarning: `url.parse()` behavior is not standardized and prone to errors that have security implications. Use the WHATWG URL API instead. CVEs are not issued for `url.parse()` vulnerabilities.
2026-10-04T06:33:07.4813420Z (Use `node --trace-deprecation ...` to show where the warning was created)
2026-10-04T06:33:07.7407406Z Progress: resolved 1, reused 0, downloaded 0, added 0
2026-10-04T06:33:07.7529667Z Packages: +1
2026-10-04T06:33:07.7530353Z +
2026-10-04T06:33:08.2020278Z Progress: resolved 1, reused 0, downloaded 1, added 1, done
2026-10-04T06:33:08.5060477Z 
2026-10-04T06:33:08.5061488Z dependencies:
2026-10-04T06:33:08.5062554Z + pnpm 9.15.9 (12.9.1 is available)
2026-10-04T06:33:08.5066572Z 
2026-10-04T06:33:08.6613590Z Done in 1.4s
2026-10-04T06:33:08.6815181Z ##[endgroup]
2026-10-04T06:33:08.6815662Z Installation Completed!
2026-10-04T06:33:08.7608695Z ##[group]Run mkdir -p .rc3-ci/e2e .rc3-ci/accessibility .rc3-ci/performance
2026-10-04T06:33:08.7609345Z [36;1mmkdir -p .rc3-ci/e2e .rc3-ci/accessibility .rc3-ci/performance[0m
2026-10-04T06:33:08.7609841Z [36;1mecho "STORE_PATH=$(pnpm store path --silent)" >> "$GITHUB_ENV"[0m
2026-10-04T06:33:08.7610323Z [36;1mecho "B5_EVIDENCE_DIR=$GITHUB_WORKSPACE/.rc3-ci/e2e" >> "$GITHUB_ENV"[0m
2026-10-04T06:33:08.7610815Z [36;1mecho "C3_EVIDENCE_DIR=$GITHUB_WORKSPACE/.rc3-ci/e2e" >> "$GITHUB_ENV"[0m
2026-10-04T06:33:09.5165720Z shell: /usr/bin/bash --noprofile --norc -e -o pipefail {0}
2026-10-04T06:33:09.5166138Z env:
2026-10-04T06:33:09.5166364Z   CI: true
2026-10-04T06:33:09.5166600Z   NEXT_TELEMETRY_DISABLED: 1
2026-10-04T06:33:09.5166957Z   PNPM_HOME: /home/runner/setup-pnpm/node_modules/.bin
2026-10-04T06:33:09.5167329Z ##[endgroup]
2026-10-04T06:33:10.0678051Z ##[group]Run actions/cache@v4
2026-10-04T06:33:10.0678508Z with:
2026-10-04T06:33:10.0678789Z   path: /home/runner/setup-pnpm/node_modules/.bin/store/v3
2026-10-04T06:33:10.0679309Z   key: Linux-pnpm-rc3-4b9ed043872927d43af7a442f7b959e7c37a71f82a752f76a3eef78cfbd0872d
2026-10-04T06:33:10.0679798Z   enableCrossOsArchive: false
2026-10-04T06:33:10.0680060Z   fail-on-cache-miss: false
2026-10-04T06:33:10.0680296Z   lookup-only: false
2026-10-04T06:33:10.0680505Z   save-always: false
2026-10-04T06:33:10.0680704Z env:
2026-10-04T06:33:10.0680878Z   CI: true
2026-10-04T06:33:10.0681074Z   NEXT_TELEMETRY_DISABLED: 1
2026-10-04T06:33:10.0681363Z   PNPM_HOME: /home/runner/setup-pnpm/node_modules/.bin
2026-10-04T06:33:10.0681759Z   STORE_PATH: /home/runner/setup-pnpm/node_modules/.bin/store/v3
2026-10-04T06:33:10.0682189Z   B5_EVIDENCE_DIR: /home/runner/work/Yor-World/Yor-World/.rc3-ci/e2e
2026-10-04T06:33:10.0682619Z   C3_EVIDENCE_DIR: /home/runner/work/Yor-World/Yor-World/.rc3-ci/e2e
2026-10-04T06:33:10.0682995Z ##[endgroup]
2026-10-04T06:33:10.1778631Z (node:2467) [DEP0040] DeprecationWarning: The `punycode` module is deprecated. Please use a userland alternative instead.
2026-10-04T06:33:10.1779610Z (Use `node --trace-deprecation ...` to show where the warning was created)
2026-10-04T06:33:10.3555761Z Cache not found for input keys: Linux-pnpm-rc3-4b9ed043872927d43af7a442f7b959e7c37a71f82a752f76a3eef78cfbd0872d
2026-10-04T06:33:10.3639079Z ##[group]Run set -o pipefail
2026-10-04T06:33:10.3639426Z [36;1mset -o pipefail[0m
2026-10-04T06:33:10.3639845Z [36;1mpnpm install --frozen-lockfile | tee ../.rc3-ci/01-frozen-install.log[0m
2026-10-04T06:33:10.3702091Z shell: /usr/bin/bash --noprofile --norc -e -o pipefail {0}
2026-10-04T06:33:10.3702434Z env:
2026-10-04T06:33:10.3702619Z   CI: true
2026-10-04T06:33:10.3702819Z   NEXT_TELEMETRY_DISABLED: 1
2026-10-04T06:33:10.3703113Z   PNPM_HOME: /home/runner/setup-pnpm/node_modules/.bin
2026-10-04T06:33:10.3703508Z   STORE_PATH: /home/runner/setup-pnpm/node_modules/.bin/store/v3
2026-10-04T06:33:10.3703948Z   B5_EVIDENCE_DIR: /home/runner/work/Yor-World/Yor-World/.rc3-ci/e2e
2026-10-04T06:33:10.3704654Z   C3_EVIDENCE_DIR: /home/runner/work/Yor-World/Yor-World/.rc3-ci/e2e
2026-10-04T06:33:10.3704997Z ##[endgroup]
2026-10-04T06:33:10.8091724Z Lockfile is up to date, resolution step is skipped
2026-10-04T06:33:10.8472942Z Progress: resolved 1, reused 0, downloaded 0, added 0
2026-10-04T06:33:10.9458966Z Packages: +411
2026-10-04T06:33:10.9460286Z ++++++++++++++++++++++++++++++++++++++++++++++++++++++++++++++++++++++++++++++++
2026-10-04T06:33:11.8525195Z Progress: resolved 411, reused 0, downloaded 83, added 81
2026-10-04T06:33:12.8534508Z Progress: resolved 411, reused 0, downloaded 99, added 93
2026-10-04T06:33:13.8571878Z Progress: resolved 411, reused 0, downloaded 235, added 234
2026-10-04T06:33:14.8549775Z Progress: resolved 411, reused 0, downloaded 358, added 350
2026-10-04T06:33:15.4054049Z Progress: resolved 411, reused 0, downloaded 411, added 411, done
2026-10-04T06:33:15.5677770Z .../node_modules/unrs-resolver postinstall$ node postinstall.js
2026-10-04T06:33:15.6352555Z .../node_modules/unrs-resolver postinstall: Done
2026-10-04T06:33:15.8608825Z 
2026-10-04T06:33:15.8610530Z dependencies:
2026-10-04T06:33:15.8611166Z + @supabase/ssr 0.12.7
2026-10-04T06:33:15.8611727Z + @supabase/supabase-js 2.117.2
2026-10-04T06:33:15.8612164Z + next 16.3.8
2026-10-04T06:33:15.8612516Z + pg 8.16.3
2026-10-04T06:33:15.8612908Z + react 19.3.0
2026-10-04T06:33:15.8613294Z + react-dom 19.3.0
2026-10-04T06:33:15.8613886Z + server-only 0.0.1
2026-10-04T06:33:15.8614605Z + sharp 0.35.5
2026-10-04T06:33:15.8614965Z + three 0.180.0
2026-10-04T06:33:15.8615342Z + zod 4.6.5
2026-10-04T06:33:15.8615555Z 
2026-10-04T06:33:15.8615740Z devDependencies:
2026-10-04T06:33:15.8616205Z + @axe-core/playwright 4.13.0
2026-10-04T06:33:15.8616735Z + @electric-sql/pglite 0.5.8
2026-10-04T06:33:15.8617248Z + @playwright/test 1.63.0
2026-10-04T06:33:15.8617711Z + @types/node 24.19.0
2026-10-04T06:33:15.8618142Z + @types/pg 8.15.5
2026-10-04T06:33:15.8618909Z + @types/react 19.3.0
2026-10-04T06:33:15.8619384Z + @types/react-dom 19.3.0
2026-10-04T06:33:15.8619856Z + @types/three 0.180.0
2026-10-04T06:33:15.8620277Z + eslint 9.39.5
2026-10-04T06:33:15.8620774Z + eslint-config-next 16.3.8
2026-10-04T06:33:15.8621316Z + gltf-validator 2.0.0-dev.3.10
2026-10-04T06:33:15.8621790Z + typescript 6.0.3
2026-10-04T06:33:15.8622184Z + vitest 5.0.2
2026-10-04T06:33:15.8622395Z 
2026-10-04T06:33:15.8830538Z Done in 5.4s using pnpm v9.15.9
2026-10-04T06:33:15.9545881Z ##[group]Run set -o pipefail
2026-10-04T06:33:15.9546360Z [36;1mset -o pipefail[0m
2026-10-04T06:33:15.9546801Z [36;1mpnpm lint | tee ../.rc3-ci/02-lint.log[0m
2026-10-04T06:33:15.9628850Z shell: /usr/bin/bash --noprofile --norc -e -o pipefail {0}
2026-10-04T06:33:15.9629405Z env:
2026-10-04T06:33:15.9629698Z   CI: true
2026-10-04T06:33:15.9630023Z   NEXT_TELEMETRY_DISABLED: 1
2026-10-04T06:33:15.9630512Z   PNPM_HOME: /home/runner/setup-pnpm/node_modules/.bin
2026-10-04T06:33:15.9631185Z   STORE_PATH: /home/runner/setup-pnpm/node_modules/.bin/store/v3
2026-10-04T06:33:15.9631910Z   B5_EVIDENCE_DIR: /home/runner/work/Yor-World/Yor-World/.rc3-ci/e2e
2026-10-04T06:33:15.9632642Z   C3_EVIDENCE_DIR: /home/runner/work/Yor-World/Yor-World/.rc3-ci/e2e
2026-10-04T06:33:15.9633217Z ##[endgroup]
2026-10-04T06:33:16.3815522Z 
2026-10-04T06:33:16.3817142Z > yor-world@1.0.0-rc3 lint /home/runner/work/Yor-World/Yor-World/app
2026-10-04T06:33:16.3818085Z > eslint . --max-warnings=0
2026-10-04T06:33:16.3818498Z 
2026-10-04T06:33:23.1554676Z ##[group]Run set -o pipefail
2026-10-04T06:33:23.1555184Z [36;1mset -o pipefail[0m
2026-10-04T06:33:23.1555516Z [36;1mpnpm typecheck | tee ../.rc3-ci/03-typecheck.log[0m
2026-10-04T06:33:23.1618575Z shell: /usr/bin/bash --noprofile --norc -e -o pipefail {0}
2026-10-04T06:33:23.1618928Z env:
2026-10-04T06:33:23.1619113Z   CI: true
2026-10-04T06:33:23.1619314Z   NEXT_TELEMETRY_DISABLED: 1
2026-10-04T06:33:23.1619611Z   PNPM_HOME: /home/runner/setup-pnpm/node_modules/.bin
2026-10-04T06:33:23.1620017Z   STORE_PATH: /home/runner/setup-pnpm/node_modules/.bin/store/v3
2026-10-04T06:33:23.1620485Z   B5_EVIDENCE_DIR: /home/runner/work/Yor-World/Yor-World/.rc3-ci/e2e
2026-10-04T06:33:23.1620930Z   C3_EVIDENCE_DIR: /home/runner/work/Yor-World/Yor-World/.rc3-ci/e2e
2026-10-04T06:33:23.1621285Z ##[endgroup]
2026-10-04T06:33:23.5623150Z 
2026-10-04T06:33:23.5623875Z > yor-world@1.0.0-rc3 typecheck /home/runner/work/Yor-World/Yor-World/app
2026-10-04T06:33:23.5624641Z > tsc --noEmit
2026-10-04T06:33:23.5625003Z 
2026-10-04T06:33:29.7306362Z ##[group]Run set -o pipefail
2026-10-04T06:33:29.7306689Z [36;1mset -o pipefail[0m
2026-10-04T06:33:29.7306995Z [36;1mpnpm test:unit | tee ../.rc3-ci/04-unit-tests.log[0m
2026-10-04T06:33:29.7369330Z shell: /usr/bin/bash --noprofile --norc -e -o pipefail {0}
2026-10-04T06:33:29.7369683Z env:
2026-10-04T06:33:29.7369873Z   CI: true
2026-10-04T06:33:29.7370076Z   NEXT_TELEMETRY_DISABLED: 1
2026-10-04T06:33:29.7370402Z   PNPM_HOME: /home/runner/setup-pnpm/node_modules/.bin
2026-10-04T06:33:29.7370813Z   STORE_PATH: /home/runner/setup-pnpm/node_modules/.bin/store/v3
2026-10-04T06:33:29.7371248Z   B5_EVIDENCE_DIR: /home/runner/work/Yor-World/Yor-World/.rc3-ci/e2e
2026-10-04T06:33:29.7371677Z   C3_EVIDENCE_DIR: /home/runner/work/Yor-World/Yor-World/.rc3-ci/e2e
2026-10-04T06:33:29.7372018Z ##[endgroup]
2026-10-04T06:33:30.1424751Z 
2026-10-04T06:33:30.1425699Z > yor-world@1.0.0-rc3 test:unit /home/runner/work/Yor-World/Yor-World/app
2026-10-04T06:33:30.1426758Z > vitest run --config vitest.config.ts
2026-10-04T06:33:30.1427141Z 
2026-10-04T06:33:30.4631750Z 
2026-10-04T06:33:30.4636256Z [1m[30m[46m RUN [49m[39m[22m [36mv5.0.2 [39m[90m/home/runner/work/Yor-World/Yor-World/app[39m
2026-10-04T06:33:30.4637368Z 
2026-10-04T06:33:30.8373831Z  [32m✓[39m tests/unit/low-quality-batch.test.ts [2m([22m[2m44 tests[22m[2m)[22m[32m 63[2mms[22m[39m
2026-10-04T06:33:30.8846819Z [90mstderr[2m | tests/unit/quality-policy.test.ts[2m > [22m[2mC3 AudioController Opt-in, Denial & Disposal[2m > [22m[2mreports actual disabled state (false) when browser denies audio activation
2026-10-04T06:33:30.8856494Z [22m[39m[AudioController] Browser denied audio activation: Error: Autoplay not allowed without user interaction
2026-10-04T06:33:30.8858534Z     at [90m/home/runner/work/Yor-World/Yor-World/app/[39mtests/unit/quality-policy.test.ts:296:50
2026-10-04T06:33:30.8861532Z     at [90mfile:///home/runner/work/Yor-World/Yor-World/app/[39mnode_modules/[4m.pnpm[24m/vitest@5.0.2_@types+node@24.19.0_vite@8.3.1_@types+node@24.19.0_/node_modules/[4mvitest[24m/dist/chunks/run.C5UmxDPh.js:1628:35
2026-10-04T06:33:30.8865352Z     at [90mfile:///home/runner/work/Yor-World/Yor-World/app/[39mnode_modules/[4m.pnpm[24m/vitest@5.0.2_@types+node@24.19.0_vite@8.3.1_@types+node@24.19.0_/node_modules/[4mvitest[24m/dist/chunks/run.C5UmxDPh.js:2783:26
2026-10-04T06:33:30.8868821Z     at [90mfile:///home/runner/work/Yor-World/Yor-World/app/[39mnode_modules/[4m.pnpm[24m/vitest@5.0.2_@types+node@24.19.0_vite@8.3.1_@types+node@24.19.0_/node_modules/[4mvitest[24m/dist/chunks/run.C5UmxDPh.js:3319:20
2026-10-04T06:33:30.8871569Z     at new Promise (<anonymous>)
2026-10-04T06:33:30.8874499Z     at runWithCancel [90m(file:///home/runner/work/Yor-World/Yor-World/app/[39mnode_modules/[4m.pnpm[24m/vitest@5.0.2_@types+node@24.19.0_vite@8.3.1_@types+node@24.19.0_/node_modules/[4mvitest[24m/dist/chunks/run.C5UmxDPh.js:3314:10[90m)[39m
2026-10-04T06:33:30.8879572Z     at [90mfile:///home/runner/work/Yor-World/Yor-World/app/[39mnode_modules/[4m.pnpm[24m/vitest@5.0.2_@types+node@24.19.0_vite@8.3.1_@types+node@24.19.0_/node_modules/[4mvitest[24m/dist/chunks/run.C5UmxDPh.js:3299:20
2026-10-04T06:33:30.8882696Z     at new Promise (<anonymous>)
2026-10-04T06:33:30.8885476Z     at runWithTimeout [90m(file:///home/runner/work/Yor-World/Yor-World/app/[39mnode_modules/[4m.pnpm[24m/vitest@5.0.2_@types+node@24.19.0_vite@8.3.1_@types+node@24.19.0_/node_modules/[4mvitest[24m/dist/chunks/run.C5UmxDPh.js:3257:10[90m)[39m
2026-10-04T06:33:30.8889889Z     at [90mfile:///home/runner/work/Yor-World/Yor-World/app/[39mnode_modules/[4m.pnpm[24m/vitest@5.0.2_@types+node@24.19.0_vite@8.3.1_@types+node@24.19.0_/node_modules/[4mvitest[24m/dist/chunks/run.C5UmxDPh.js:3876:64
2026-10-04T06:33:30.8891608Z 
2026-10-04T06:33:30.8904505Z  [32m✓[39m tests/unit/quality-policy.test.ts [2m([22m[2m30 tests[22m[2m)[22m[32m 24[2mms[22m[39m
2026-10-04T06:33:30.9058384Z [90mstderr[2m | tests/unit/interaction-controller.test.ts[2m > [22m[2mExperienceController & Interaction Arbitration (Task C1)[2m > [22m[2mAttack 8: renderer failure[2m > [22m[2mtransitions cleanly to static fallback and aborts in-flight work on RENDERER_FAILED
2026-10-04T06:33:30.9061544Z [22m[39m[ExperienceController] Renderer failed (CONTEXT_LOST), falling back to static presentation.
2026-10-04T06:33:30.9062566Z 
2026-10-04T06:33:30.9091922Z  [32m✓[39m tests/unit/interaction-controller.test.ts [2m([22m[2m14 tests[22m[2m)[22m[32m 31[2mms[22m[39m
2026-10-04T06:33:31.1536543Z  [32m✓[39m tests/unit/runtime-material-quality.test.ts [2m([22m[2m9 tests[22m[2m)[22m[32m 26[2mms[22m[39m
2026-10-04T06:33:31.3748411Z  [32m✓[39m tests/unit/content-visibility.test.ts [2m([22m[2m17 tests[22m[2m)[22m[32m 57[2mms[22m[39m
2026-10-04T06:33:31.5636206Z  [32m✓[39m tests/unit/device-capabilities.test.ts [2m([22m[2m16 tests[22m[2m)[22m[32m 19[2mms[22m[39m
2026-10-04T06:33:31.8453014Z  [32m✓[39m tests/unit/contracts.test.ts [2m([22m[2m51 tests[22m[2m)[22m[32m 42[2mms[22m[39m
2026-10-04T06:33:32.0139881Z [90mstderr[2m | tests/unit/lifecycle-manager.test.ts[2m > [22m[2mLifecycleManager - 8 Explicit States and Adversarial Guarantees[2m > [22m[2menforces bounded retries (maxRetries = 3)
2026-10-04T06:33:32.0142493Z [22m[39m[LifecycleManager] Bounded retry limit reached.
2026-10-04T06:33:32.0143343Z 
2026-10-04T06:33:32.0156991Z [90mstderr[2m | tests/unit/lifecycle-manager.test.ts[2m > [22m[2mLifecycleManager - 8 Explicit States and Adversarial Guarantees[2m > [22m[2mDISPOSING cleans up all listeners and returns to STATIC
2026-10-04T06:33:32.0159756Z [22m[39m[LifecycleManager] Cannot request entry: manager is disposed.
2026-10-04T06:33:32.0160612Z 
2026-10-04T06:33:32.0165033Z  [32m✓[39m tests/unit/lifecycle-manager.test.ts [2m([22m[2m10 tests[22m[2m)[22m[32m 13[2mms[22m[39m
2026-10-04T06:33:32.1624894Z  [32m✓[39m tests/unit/boundaries.test.ts [2m([22m[2m15 tests[22m[2m)[22m[33m 687[2mms[22m[39m
2026-10-04T06:33:32.1627191Z    [33m[2m✓[22m[39m enforces integrated dependency boundaries: HTML shell stays free of 3D and browser features stay free of server imports[33m 366[2mms[22m[39m
2026-10-04T06:33:32.2075867Z  [32m✓[39m tests/unit/scene-integrator.test.ts [2m([22m[2m2 tests[22m[2m)[22m[32m 10[2mms[22m[39m
2026-10-04T06:33:32.3593893Z  [32m✓[39m tests/unit/intent-arbitration.test.ts [2m([22m[2m5 tests[22m[2m)[22m[32m 6[2mms[22m[39m
2026-10-04T06:33:32.3753406Z [90mstderr[2m | tests/unit/entrance-coordinator.test.ts[2m > [22m[2mEntranceCoordinator - Single Active Entrance and Bounded Duration[2m > [22m[2mPROVE: only one active entrance exists at any time
2026-10-04T06:33:32.3755968Z [22m[39m[EntranceCoordinator] Entrance already running; returning active entrance promise.
2026-10-04T06:33:32.3756693Z 
2026-10-04T06:33:32.3788866Z  [32m✓[39m tests/unit/entrance-coordinator.test.ts [2m([22m[2m5 tests[22m[2m)[22m[32m 11[2mms[22m[39m
2026-10-04T06:33:32.4960397Z  [32m✓[39m tests/unit/painting-interaction.test.ts [2m([22m[2m6 tests[22m[2m)[22m[32m 6[2mms[22m[39m
2026-10-04T06:33:32.5691945Z  [32m✓[39m tests/unit/character-director.test.ts [2m([22m[2m4 tests[22m[2m)[22m[32m 10[2mms[22m[39m
2026-10-04T06:33:32.6554525Z  [32m✓[39m tests/unit/project-transition.test.ts [2m([22m[2m22 tests[22m[2m)[22m[33m 1178[2mms[22m[39m
2026-10-04T06:33:32.6556761Z    [32m✓[39m Milestone C2 Unit Tests: Project Transitions, Motifs, and Navigation [2m(22)[22m
2026-10-04T06:33:32.6558532Z      [32m✓[39m 1. Bounded Project Transitions & Motifs [2m(5)[22m
2026-10-04T06:33:32.6560429Z        [33m[2m✓[22m[39m completes verified project transition within the 1.4-second budget[33m 956[2mms[22m[39m
2026-10-04T06:33:32.6910129Z  [32m✓[39m tests/unit/camera-director.test.ts [2m([22m[2m5 tests[22m[2m)[22m[32m 12[2mms[22m[39m
2026-10-04T06:33:32.8093381Z  [32m✓[39m tests/unit/preferences-resilience.test.ts [2m([22m[2m4 tests[22m[2m)[22m[32m 9[2mms[22m[39m
2026-10-04T06:33:32.8427098Z  [32m✓[39m tests/unit/contract-types.test.ts [2m([22m[2m1 test[22m[2m)[22m[32m 4[2mms[22m[39m
2026-10-04T06:33:32.8520017Z  [32m✓[39m tests/unit/interaction-registry.test.ts [2m([22m[2m3 tests[22m[2m)[22m[32m 10[2mms[22m[39m
2026-10-04T06:33:32.9844047Z  [32m✓[39m tests/unit/asset-loader.test.ts [2m([22m[2m3 tests[22m[2m)[22m[32m 6[2mms[22m[39m
2026-10-04T06:33:32.9886346Z 
2026-10-04T06:33:32.9895591Z [2m Test Files [22m [1m[32m20 passed[39m[22m[90m (20)[39m
2026-10-04T06:33:32.9896918Z [2m      Tests [22m [1m[32m266 passed[39m[22m[90m (266)[39m
2026-10-04T06:33:32.9897688Z [2m   Start at [22m 06:33:30
2026-10-04T06:33:32.9903117Z [2m   Duration [22m 2.52s[2m (tests 48%, import 32%, transform 18%, worker 2%)[22m
2026-10-04T06:33:32.9918425Z 
2026-10-04T06:33:32.9919638Z [2m    Isolate [22m [33m20 workers spawned[39m[2m · ~120ms startup each (spawn + environment, per file)[22m
2026-10-04T06:33:32.9922901Z [2m            [22m [2mat least ~682ms faster with [22m[33misolate: false[39m[2m — reuses workers across files instead of one per file[22m
2026-10-04T06:33:32.9923977Z 
2026-10-04T06:33:33.0267940Z ##[group]Run set -o pipefail
2026-10-04T06:33:33.0268264Z [36;1mset -o pipefail[0m
2026-10-04T06:33:33.0268625Z [36;1mpnpm test:integration | tee ../.rc3-ci/05-integration-tests.log[0m
2026-10-04T06:33:33.0331293Z shell: /usr/bin/bash --noprofile --norc -e -o pipefail {0}
2026-10-04T06:33:33.0331644Z env:
2026-10-04T06:33:33.0331829Z   CI: true
2026-10-04T06:33:33.0332039Z   NEXT_TELEMETRY_DISABLED: 1
2026-10-04T06:33:33.0332342Z   PNPM_HOME: /home/runner/setup-pnpm/node_modules/.bin
2026-10-04T06:33:33.0332739Z   STORE_PATH: /home/runner/setup-pnpm/node_modules/.bin/store/v3
2026-10-04T06:33:33.0333173Z   B5_EVIDENCE_DIR: /home/runner/work/Yor-World/Yor-World/.rc3-ci/e2e
2026-10-04T06:33:33.0333609Z   C3_EVIDENCE_DIR: /home/runner/work/Yor-World/Yor-World/.rc3-ci/e2e
2026-10-04T06:33:33.0333959Z ##[endgroup]
2026-10-04T06:33:33.4440558Z 
2026-10-04T06:33:33.4441484Z > yor-world@1.0.0-rc3 test:integration /home/runner/work/Yor-World/Yor-World/app
2026-10-04T06:33:33.4442325Z > vitest run --config vitest.integration.config.ts
2026-10-04T06:33:33.4442615Z 
2026-10-04T06:33:33.7553146Z 
2026-10-04T06:33:33.7558145Z [1m[30m[46m RUN [49m[39m[22m [36mv5.0.2 [39m[90m/home/runner/work/Yor-World/Yor-World/app[39m
2026-10-04T06:33:33.7559409Z 
2026-10-04T06:33:38.6316664Z  [32m✓[39m tests/integration/platform/contact.test.ts [2m([22m[2m13 tests[22m[2m)[22m[33m 4444[2mms[22m[39m
2026-10-04T06:33:38.8363226Z  [32m✓[39m tests/integration/platform/contact-idempotency-r2.test.ts [2m([22m[2m11 tests[22m[2m)[22m[33m 4664[2mms[22m[39m
2026-10-04T06:33:38.8366338Z    [32m✓[39m A5/A6-CONTACT-IDEMPOTENCY-R2: Database-Safe Idempotency Suite [2m(11)[22m
2026-10-04T06:33:38.8367828Z      [32m✓[39m 1. Baseline Ingestion & Idempotency [2m(4)[22m
2026-10-04T06:33:38.8369636Z        [33m[2m✓[22m[39m 1.4 [100 concurrent requests]: high concurrency stress test verifies database race arbiter[33m 333[2mms[22m[39m
2026-10-04T06:33:38.8908884Z  [32m✓[39m tests/integration/platform/scp-publication-outbox.test.ts [2m([22m[2m23 tests[22m[2m)[22m[33m 4728[2mms[22m[39m
2026-10-04T06:33:39.3079960Z  [32m✓[39m tests/integration/platform/publication.test.ts [2m([22m[2m17 tests[22m[2m)[22m[32m 107[2mms[22m[39m
2026-10-04T06:33:39.4046740Z  [32m✓[39m tests/integration/platform/owner-auth.test.ts [2m([22m[2m18 tests[22m[2m)[22m[32m 62[2mms[22m[39m
2026-10-04T06:33:39.9566460Z  [32m✓[39m tests/integration/platform/media-access.test.ts [2m([22m[2m13 tests[22m[2m)[22m[32m 94[2mms[22m[39m
2026-10-04T06:33:40.9196257Z  [32m✓[39m tests/integration/production-lighting.test.ts [2m([22m[2m4 tests[22m[2m)[22m[33m 381[2mms[22m[39m
2026-10-04T06:33:42.7156554Z  [32m✓[39m tests/integration/platform/database-authorization.test.ts [2m([22m[2m13 tests[22m[2m)[22m[33m 3658[2mms[22m[39m
2026-10-04T06:33:43.2957138Z  [32m✓[39m tests/integration/candidate-integration.test.ts [2m([22m[2m9 tests[22m[2m)[22m[32m 46[2mms[22m[39m
2026-10-04T06:33:44.0931354Z  [32m✓[39m tests/integration/production-camera.test.ts [2m([22m[2m5 tests[22m[2m)[22m[32m 227[2mms[22m[39m
2026-10-04T06:33:44.4966373Z  [32m✓[39m tests/integration/platform/canonical-platform.test.ts [2m([22m[2m9 tests[22m[2m)[22m[33m 4592[2mms[22m[39m
2026-10-04T06:33:44.8070285Z  [32m✓[39m tests/integration/runtime/frozen-world-binding.test.ts [2m([22m[2m4 tests[22m[2m)[22m[33m 308[2mms[22m[39m
2026-10-04T06:33:44.8301596Z  [32m✓[39m tests/integration/platform/operations-restore.test.ts [2m([22m[2m4 tests[22m[2m)[22m[32m 13[2mms[22m[39m
2026-10-04T06:33:44.9107445Z  [32m✓[39m tests/integration/platform/scp-telemetry-github.test.ts [2m([22m[2m12 tests[22m[2m)[22m[33m 3495[2mms[22m[39m
2026-10-04T06:33:45.1655562Z  [32m✓[39m tests/integration/platform/github-metadata.test.ts [2m([22m[2m5 tests[22m[2m)[22m[32m 41[2mms[22m[39m
2026-10-04T06:33:45.3422261Z  [32m✓[39m tests/integration/platform/scp-media-validation.test.ts [2m([22m[2m34 tests[22m[2m)[22m[32m 104[2mms[22m[39m
2026-10-04T06:33:45.3972177Z  [32m✓[39m tests/integration/runtime/public-snapshot.test.ts [2m([22m[2m7 tests[22m[2m)[22m[32m 78[2mms[22m[39m
2026-10-04T06:33:45.6341384Z  [32m✓[39m tests/integration/platform/telemetry.test.ts [2m([22m[2m5 tests[22m[2m)[22m[32m 14[2mms[22m[39m
2026-10-04T06:33:45.6781513Z  [32m✓[39m tests/integration/platform/session-claims.test.ts [2m([22m[2m4 tests[22m[2m)[22m[32m 40[2mms[22m[39m
2026-10-04T06:33:45.8566443Z  [32m✓[39m tests/integration/runtime/adaptive-runtime.test.ts [2m([22m[2m3 tests[22m[2m)[22m[32m 14[2mms[22m[39m
2026-10-04T06:33:46.0281823Z  [32m✓[39m tests/integration/platform/internal-jobs.test.ts [2m([22m[2m4 tests[22m[2m)[22m[32m 42[2mms[22m[39m
2026-10-04T06:33:46.0820370Z  [32m✓[39m tests/integration/platform/postgres-transactions.test.ts [2m([22m[2m2 tests[22m[2m)[22m[32m 11[2mms[22m[39m
2026-10-04T06:33:48.2885431Z  [32m✓[39m tests/integration/platform/published-media.test.ts [2m([22m[2m4 tests[22m[2m)[22m[33m 2750[2mms[22m[39m
2026-10-04T06:33:48.9984858Z  [32m✓[39m tests/integration/platform/canonical-fixture.test.ts [2m([22m[2m1 test[22m[2m)[22m[33m 2825[2mms[22m[39m
2026-10-04T06:33:48.9986522Z    [32m✓[39m Explicit browser fixture connection ownership across Next route bundles [2m(1)[22m
2026-10-04T06:33:48.9987810Z      [33m[2m✓[22m[39m initializes the same file database once across independently loaded route modules[33m 2823[2mms[22m[39m
2026-10-04T06:33:49.0017415Z 
2026-10-04T06:33:49.0023237Z [2m Test Files [22m [1m[32m24 passed[39m[22m[90m (24)[39m
2026-10-04T06:33:49.0024923Z [2m      Tests [22m [1m[32m224 passed[39m[22m[90m (224)[39m
2026-10-04T06:33:49.0025911Z [2m   Start at [22m 06:33:33
2026-10-04T06:33:49.0030646Z [2m   Duration [22m 15.24s[2m (tests 86%, import 10%, transform 3%)[22m
2026-10-04T06:33:49.0045964Z 
2026-10-04T06:33:49.0047030Z [2m    Isolate [22m [33m24 workers spawned[39m[2m · ~158ms startup each (spawn + environment, per file)[22m
2026-10-04T06:33:49.0048185Z [2m            [22m [2mat least ~1.10s faster with [22m[33misolate: false[39m[2m — reuses workers across files instead of one per file[22m
2026-10-04T06:33:49.0048711Z 
2026-10-04T06:33:49.0530832Z ##[group]Run set -o pipefail
2026-10-04T06:33:49.0531156Z [36;1mset -o pipefail[0m
2026-10-04T06:33:49.0531768Z [36;1mnode scripts/release/validate-gltf-assets.mjs --output .rc3-ci/gltf-validation-receipt.json | tee .rc3-ci/06-asset-validation.log[0m
2026-10-04T06:33:49.0594869Z shell: /usr/bin/bash --noprofile --norc -e -o pipefail {0}
2026-10-04T06:33:49.0595218Z env:
2026-10-04T06:33:49.0595404Z   CI: true
2026-10-04T06:33:49.0595608Z   NEXT_TELEMETRY_DISABLED: 1
2026-10-04T06:33:49.0595904Z   PNPM_HOME: /home/runner/setup-pnpm/node_modules/.bin
2026-10-04T06:33:49.0596299Z   STORE_PATH: /home/runner/setup-pnpm/node_modules/.bin/store/v3
2026-10-04T06:33:49.0596744Z   B5_EVIDENCE_DIR: /home/runner/work/Yor-World/Yor-World/.rc3-ci/e2e
2026-10-04T06:33:49.0597191Z   C3_EVIDENCE_DIR: /home/runner/work/Yor-World/Yor-World/.rc3-ci/e2e
2026-10-04T06:33:49.0597544Z ##[endgroup]
2026-10-04T06:33:49.1977182Z PASS app/public/models/fixture-production.glb: 0 errors, 0 warnings
2026-10-04T06:33:49.2383062Z PASS app/public/models/group-a-essential.glb: 0 errors, 0 warnings
2026-10-04T06:33:49.2597006Z PASS app/public/models/group-b-props.glb: 0 errors, 0 warnings
2026-10-04T06:33:49.2852147Z PASS app/public/models/interaction-assets-mobile.glb: 0 errors, 0 warnings
2026-10-04T06:33:49.3123674Z PASS app/public/models/interaction-assets.glb: 0 errors, 0 warnings
2026-10-04T06:33:49.3563612Z PASS app/public/models/mobile-room-lod.glb: 0 errors, 0 warnings
2026-10-04T06:33:49.3631911Z PASS app/public/models/on-demand-projects.glb: 0 errors, 0 warnings
2026-10-04T06:33:49.3966693Z PASS app/public/models/production-room-full.glb: 0 errors, 0 warnings
2026-10-04T06:33:49.4415503Z PASS app/public/models/resident-production.glb: 0 errors, 0 warnings
2026-10-04T06:33:49.4571009Z ##[group]Run set -o pipefail
2026-10-04T06:33:49.4571336Z [36;1mset -o pipefail[0m
2026-10-04T06:33:49.4571647Z [36;1mpnpm build | tee ../.rc3-ci/07-production-build.log[0m
2026-10-04T06:33:49.4572213Z [36;1mecho "RC3_BUILD_ID=$(cat .next/BUILD_ID)" >> "$GITHUB_ENV"[0m
2026-10-04T06:33:49.4635304Z shell: /usr/bin/bash --noprofile --norc -e -o pipefail {0}
2026-10-04T06:33:49.4635658Z env:
2026-10-04T06:33:49.4635846Z   CI: true
2026-10-04T06:33:49.4636060Z   NEXT_TELEMETRY_DISABLED: 1
2026-10-04T06:33:49.4636362Z   PNPM_HOME: /home/runner/setup-pnpm/node_modules/.bin
2026-10-04T06:33:49.4636793Z   STORE_PATH: /home/runner/setup-pnpm/node_modules/.bin/store/v3
2026-10-04T06:33:49.4637246Z   B5_EVIDENCE_DIR: /home/runner/work/Yor-World/Yor-World/.rc3-ci/e2e
2026-10-04T06:33:49.4637676Z   C3_EVIDENCE_DIR: /home/runner/work/Yor-World/Yor-World/.rc3-ci/e2e
2026-10-04T06:33:49.4638022Z ##[endgroup]
2026-10-04T06:33:49.8900472Z 
2026-10-04T06:33:49.8901386Z > yor-world@1.0.0-rc3 build /home/runner/work/Yor-World/Yor-World/app
2026-10-04T06:33:49.8901984Z > next build
2026-10-04T06:33:49.8902144Z 
2026-10-04T06:33:50.2793432Z ▲ Next.js 16.3.8 (Turbopack)
2026-10-04T06:33:50.3047715Z ✓ Running next.config.ts took 25ms
2026-10-04T06:33:50.3050177Z ⚠ No build cache found. Please configure build caching for faster rebuilds. Read more: https://nextjs.org/docs/messages/no-cache
2026-10-04T06:33:50.3152386Z 
2026-10-04T06:33:50.3493339Z   Creating an optimized production build ...
2026-10-04T06:33:57.9729164Z ✓ Compiled successfully in 7.4s
2026-10-04T06:33:57.9795228Z   Running TypeScript ...
2026-10-04T06:34:04.4840015Z   Finished TypeScript in 6.5s ...
2026-10-04T06:34:04.4860028Z   Collecting page data using 3 workers ...
2026-10-04T06:34:05.5215641Z   Generating static pages using 3 workers (0/7) ...
2026-10-04T06:34:05.7161713Z   Generating static pages using 3 workers (1/7) 
2026-10-04T06:34:05.8033944Z   Generating static pages using 3 workers (3/7) 
2026-10-04T06:34:05.8105817Z   Generating static pages using 3 workers (5/7) 
2026-10-04T06:34:05.8109693Z ✓ Generating static pages using 3 workers (7/7) in 289ms
2026-10-04T06:34:05.8149996Z   Finalizing page optimization ...
2026-10-04T06:34:05.8269567Z 
2026-10-04T06:34:05.8270193Z Route (app)
2026-10-04T06:34:05.8270793Z ┌ ƒ /
2026-10-04T06:34:05.8271171Z ├ ○ /_not-found
2026-10-04T06:34:05.8271568Z ├ ○ /about
2026-10-04T06:34:05.8271934Z ├ ƒ /admin
2026-10-04T06:34:05.8272320Z ├ ƒ /admin/editor
2026-10-04T06:34:05.8272711Z ├ ○ /admin/login
2026-10-04T06:34:05.8273121Z ├ ƒ /admin/publish
2026-10-04T06:34:05.8273555Z ├ ƒ /api/admin/audit
2026-10-04T06:34:05.8273989Z ├ ƒ /api/admin/media
2026-10-04T06:34:05.8274719Z ├ ƒ /api/admin/media/[id]
2026-10-04T06:34:05.8275301Z ├ ƒ /api/admin/media/[id]/approve
2026-10-04T06:34:05.8275841Z ├ ƒ /api/admin/projects
2026-10-04T06:34:05.8276299Z ├ ƒ /api/admin/publish
2026-10-04T06:34:05.8276746Z ├ ƒ /api/admin/rollback
2026-10-04T06:34:05.8277177Z ├ ƒ /api/admin/verify
2026-10-04T06:34:05.8277615Z ├ ƒ /api/contact
2026-10-04T06:34:05.8277989Z ├ ƒ /api/events
2026-10-04T06:34:05.8278350Z ├ ƒ /api/github
2026-10-04T06:34:05.8278773Z ├ ƒ /api/internal/jobs/[job]
2026-10-04T06:34:05.8279225Z ├ ○ /contact
2026-10-04T06:34:05.8279583Z ├ ƒ /projects
2026-10-04T06:34:05.8279983Z ├ ƒ /projects/[slug]
2026-10-04T06:34:05.8280371Z ├ ○ /resume
2026-10-04T06:34:05.8280725Z ├ ○ /robots.txt
2026-10-04T06:34:05.8281085Z └ ƒ /sitemap.xml
2026-10-04T06:34:05.8281287Z 
2026-10-04T06:34:05.8281295Z 
2026-10-04T06:34:05.8281652Z ○  (Static)   prerendered as static content
2026-10-04T06:34:05.8282308Z ƒ  (Dynamic)  server-rendered on demand
2026-10-04T06:34:05.8282633Z 
2026-10-04T06:34:05.8776305Z ##[group]Run pnpm exec playwright install --with-deps chromium
2026-10-04T06:34:05.8776814Z [36;1mpnpm exec playwright install --with-deps chromium[0m
2026-10-04T06:34:05.8839140Z shell: /usr/bin/bash -e {0}
2026-10-04T06:34:05.8839397Z env:
2026-10-04T06:34:05.8839578Z   CI: true
2026-10-04T06:34:05.8839779Z   NEXT_TELEMETRY_DISABLED: 1
2026-10-04T06:34:05.8840078Z   PNPM_HOME: /home/runner/setup-pnpm/node_modules/.bin
2026-10-04T06:34:05.8840471Z   STORE_PATH: /home/runner/setup-pnpm/node_modules/.bin/store/v3
2026-10-04T06:34:05.8841078Z   B5_EVIDENCE_DIR: /home/runner/work/Yor-World/Yor-World/.rc3-ci/e2e
2026-10-04T06:34:05.8841508Z   C3_EVIDENCE_DIR: /home/runner/work/Yor-World/Yor-World/.rc3-ci/e2e
2026-10-04T06:34:05.8841865Z   RC3_BUILD_ID: rWjvvP7cYvTxAW4NCGg2y
2026-10-04T06:34:05.8842121Z ##[endgroup]
2026-10-04T06:34:06.7803292Z Installing dependencies...
2026-10-04T06:34:06.7888145Z Switching to root user to install dependencies...
2026-10-04T06:34:06.8736527Z Get:1 file:/etc/apt/apt-mirrors.txt Mirrorlist [144 B]
2026-10-04T06:34:06.9052572Z Hit:2 http://azure.archive.ubuntu.com/ubuntu noble InRelease
2026-10-04T06:34:06.9054080Z Get:6 https://packages.microsoft.com/ubuntu/24.04/prod noble InRelease [3600 B]
2026-10-04T06:34:06.9077865Z Get:3 http://azure.archive.ubuntu.com/ubuntu noble-updates InRelease [126 kB]
2026-10-04T06:34:06.9125421Z Get:4 http://azure.archive.ubuntu.com/ubuntu noble-backports InRelease [126 kB]
2026-10-04T06:34:06.9155568Z Get:5 http://azure.archive.ubuntu.com/ubuntu noble-security InRelease [126 kB]
2026-10-04T06:34:07.0389212Z Get:7 https://packages.microsoft.com/ubuntu/24.04/prod noble/main arm64 Packages [458 kB]
2026-10-04T06:34:07.0507898Z Get:8 https://packages.microsoft.com/ubuntu/24.04/prod noble/main amd64 Packages [511 kB]
2026-10-04T06:34:07.0563529Z Get:9 https://packages.microsoft.com/ubuntu/24.04/prod noble/main armhf Packages [12.6 kB]
2026-10-04T06:34:07.0916194Z Get:10 http://azure.archive.ubuntu.com/ubuntu noble-updates/main amd64 Packages [1364 kB]
2026-10-04T06:34:07.0982394Z Get:11 http://azure.archive.ubuntu.com/ubuntu noble-updates/main Translation-en [304 kB]
2026-10-04T06:34:07.1007635Z Get:12 http://azure.archive.ubuntu.com/ubuntu noble-updates/main amd64 Components [181 kB]
2026-10-04T06:34:07.1035452Z Get:13 http://azure.archive.ubuntu.com/ubuntu noble-updates/universe amd64 Packages [1699 kB]
2026-10-04T06:34:07.1120112Z Get:14 http://azure.archive.ubuntu.com/ubuntu noble-updates/universe Translation-en [341 kB]
2026-10-04T06:34:07.1177384Z Get:15 http://azure.archive.ubuntu.com/ubuntu noble-updates/universe amd64 Components [388 kB]
2026-10-04T06:34:07.1205389Z Get:16 http://azure.archive.ubuntu.com/ubuntu noble-updates/restricted amd64 Packages [1720 kB]
2026-10-04T06:34:07.1296936Z Get:17 http://azure.archive.ubuntu.com/ubuntu noble-updates/restricted Translation-en [394 kB]
2026-10-04T06:34:07.1319901Z Get:18 http://azure.archive.ubuntu.com/ubuntu noble-updates/multiverse amd64 Components [940 B]
2026-10-04T06:34:07.1533250Z Get:19 http://azure.archive.ubuntu.com/ubuntu noble-backports/main amd64 Components [5736 B]
2026-10-04T06:34:07.1965422Z Get:20 http://azure.archive.ubuntu.com/ubuntu noble-backports/universe amd64 Components [12.6 kB]
2026-10-04T06:34:07.2043611Z Get:21 http://azure.archive.ubuntu.com/ubuntu noble-security/main amd64 Packages [1069 kB]
2026-10-04T06:34:07.2103909Z Get:22 http://azure.archive.ubuntu.com/ubuntu noble-security/main Translation-en [221 kB]
2026-10-04T06:34:07.2119026Z Get:23 http://azure.archive.ubuntu.com/ubuntu noble-security/main amd64 Components [46.5 kB]
2026-10-04T06:34:07.2127417Z Get:24 http://azure.archive.ubuntu.com/ubuntu noble-security/universe amd64 Packages [1216 kB]
2026-10-04T06:34:07.2191709Z Get:25 http://azure.archive.ubuntu.com/ubuntu noble-security/universe Translation-en [244 kB]
2026-10-04T06:34:07.2208199Z Get:26 http://azure.archive.ubuntu.com/ubuntu noble-security/universe amd64 Components [76.3 kB]
2026-10-04T06:34:07.2219621Z Get:27 http://azure.archive.ubuntu.com/ubuntu noble-security/restricted amd64 Packages [1566 kB]
2026-10-04T06:34:07.2300946Z Get:28 http://azure.archive.ubuntu.com/ubuntu noble-security/restricted Translation-en [361 kB]
2026-10-04T06:34:11.6867676Z Fetched 12.6 MB in 1s (9226 kB/s)
2026-10-04T06:34:12.5766752Z Reading package lists...
2026-10-04T06:34:12.6011977Z Reading package lists...
2026-10-04T06:34:12.8180530Z Building dependency tree...
2026-10-04T06:34:12.8187996Z Reading state information...
2026-10-04T06:34:12.9840202Z libasound2t64 is already the newest version (1.2.11-1ubuntu0.3).
2026-10-04T06:34:12.9841501Z libasound2t64 set to manually installed.
2026-10-04T06:34:12.9842390Z libatk-bridge2.0-0t64 is already the newest version (2.52.0-1build1).
2026-10-04T06:34:12.9843311Z libatk-bridge2.0-0t64 set to manually installed.
2026-10-04T06:34:12.9844586Z libatk1.0-0t64 is already the newest version (2.52.0-1build1).
2026-10-04T06:34:12.9845412Z libatk1.0-0t64 set to manually installed.
2026-10-04T06:34:12.9846247Z libatspi2.0-0t64 is already the newest version (2.52.0-1build1).
2026-10-04T06:34:12.9847050Z libatspi2.0-0t64 set to manually installed.
2026-10-04T06:34:12.9847816Z libcairo2 is already the newest version (1.18.0-3build1).
2026-10-04T06:34:12.9848526Z libcairo2 set to manually installed.
2026-10-04T06:34:12.9849308Z libcups2t64 is already the newest version (2.4.7-1.2ubuntu7.14).
2026-10-04T06:34:12.9850078Z libcups2t64 set to manually installed.
2026-10-04T06:34:12.9850885Z libdbus-1-3 is already the newest version (1.14.10-4ubuntu4.1).
2026-10-04T06:34:12.9851645Z libdbus-1-3 set to manually installed.
2026-10-04T06:34:12.9852445Z libdrm2 is already the newest version (2.4.125-1ubuntu0.1~24.04.2).
2026-10-04T06:34:12.9853200Z libdrm2 set to manually installed.
2026-10-04T06:34:12.9853979Z libglib2.0-0t64 is already the newest version (2.80.0-6ubuntu3.9).
2026-10-04T06:34:12.9855001Z libglib2.0-0t64 set to manually installed.
2026-10-04T06:34:12.9855788Z libnspr4 is already the newest version (2:4.35-1.1build1).
2026-10-04T06:34:12.9856526Z libnspr4 set to manually installed.
2026-10-04T06:34:12.9857305Z libnss3 is already the newest version (2:3.98-1ubuntu0.2).
2026-10-04T06:34:12.9857963Z libnss3 set to manually installed.
2026-10-04T06:34:12.9858684Z libpango-1.0-0 is already the newest version (1.52.1+ds-1build1).
2026-10-04T06:34:12.9859252Z libpango-1.0-0 set to manually installed.
2026-10-04T06:34:12.9859676Z libx11-6 is already the newest version (2:1.8.7-1build1).
2026-10-04T06:34:12.9860059Z libx11-6 set to manually installed.
2026-10-04T06:34:12.9860436Z libxcb1 is already the newest version (1.15-1ubuntu2).
2026-10-04T06:34:12.9860805Z libxcb1 set to manually installed.
2026-10-04T06:34:12.9861212Z libxcomposite1 is already the newest version (1:0.4.5-1build3).
2026-10-04T06:34:12.9861648Z libxcomposite1 set to manually installed.
2026-10-04T06:34:12.9862078Z libxdamage1 is already the newest version (1:1.1.6-1build1).
2026-10-04T06:34:12.9862578Z libxdamage1 set to manually installed.
2026-10-04T06:34:12.9862983Z libxext6 is already the newest version (2:1.3.4-1build2).
2026-10-04T06:34:12.9863368Z libxext6 set to manually installed.
2026-10-04T06:34:12.9863770Z libxfixes3 is already the newest version (1:6.0.0-2build1).
2026-10-04T06:34:12.9864394Z libxfixes3 set to manually installed.
2026-10-04T06:34:12.9864941Z libxkbcommon0 is already the newest version (1.6.0-1build1).
2026-10-04T06:34:12.9865344Z libxkbcommon0 set to manually installed.
2026-10-04T06:34:12.9865754Z libxrandr2 is already the newest version (2:1.5.2-2build1).
2026-10-04T06:34:12.9866150Z libxrandr2 set to manually installed.
2026-10-04T06:34:12.9866543Z xvfb is already the newest version (2:21.1.12-1ubuntu1.8).
2026-10-04T06:34:12.9867087Z fonts-noto-color-emoji is already the newest version (2.047-0ubuntu0.24.04.1).
2026-10-04T06:34:12.9867661Z libfontconfig1 is already the newest version (2.15.0-1.1ubuntu2).
2026-10-04T06:34:12.9868083Z libfontconfig1 set to manually installed.
2026-10-04T06:34:12.9868866Z libfreetype6 is already the newest version (2.13.2+dfsg-1ubuntu0.1).
2026-10-04T06:34:12.9869417Z libfreetype6 set to manually installed.
2026-10-04T06:34:12.9869853Z fonts-liberation is already the newest version (1:2.1.5-3).
2026-10-04T06:34:12.9870270Z fonts-liberation set to manually installed.
2026-10-04T06:34:12.9870680Z The following additional packages will be installed:
2026-10-04T06:34:12.9871181Z   libgl1-mesa-dri libglx-mesa0 mesa-libgallium xfonts-encodings xfonts-utils
2026-10-04T06:34:12.9871625Z Recommended packages:
2026-10-04T06:34:12.9872042Z   fonts-ipafont-mincho fonts-tlwg-loma
2026-10-04T06:34:13.0071557Z The following NEW packages will be installed:
2026-10-04T06:34:13.0072691Z   fonts-freefont-ttf fonts-ipafont-gothic fonts-tlwg-loma-otf fonts-unifont
2026-10-04T06:34:13.0080716Z   fonts-wqy-zenhei xfonts-cyrillic xfonts-encodings xfonts-scalable
2026-10-04T06:34:13.0081441Z   xfonts-utils
2026-10-04T06:34:13.0086874Z The following packages will be upgraded:
2026-10-04T06:34:13.0092619Z   libgbm1 libgl1-mesa-dri libglx-mesa0 mesa-libgallium
2026-10-04T06:34:13.0267081Z 4 upgraded, 9 newly installed, 0 to remove and 21 not upgraded.
2026-10-04T06:34:13.0267804Z Need to get 32.1 MB of archives.
2026-10-04T06:34:13.0268268Z After this operation, 79.5 MB of additional disk space will be used.
2026-10-04T06:34:13.0268803Z Get:1 file:/etc/apt/apt-mirrors.txt Mirrorlist [144 B]
2026-10-04T06:34:13.0912613Z Get:2 http://azure.archive.ubuntu.com/ubuntu noble/universe amd64 fonts-ipafont-gothic all 00303-21ubuntu1 [3513 kB]
2026-10-04T06:34:13.1886296Z Get:3 http://azure.archive.ubuntu.com/ubuntu noble/main amd64 fonts-freefont-ttf all 20211204+svn4273-2 [5641 kB]
2026-10-04T06:34:13.3220240Z Get:4 http://azure.archive.ubuntu.com/ubuntu noble/universe amd64 fonts-tlwg-loma-otf all 1:0.7.3-1 [107 kB]
2026-10-04T06:34:13.3692658Z Get:5 http://azure.archive.ubuntu.com/ubuntu noble/universe amd64 fonts-unifont all 1:15.1.01-1build1 [2993 kB]
2026-10-04T06:34:13.4597792Z Get:6 http://azure.archive.ubuntu.com/ubuntu noble/universe amd64 fonts-wqy-zenhei all 0.9.45-8 [7472 kB]
2026-10-04T06:34:13.6449472Z Get:7 http://azure.archive.ubuntu.com/ubuntu noble-updates/main amd64 libgl1-mesa-dri amd64 25.2.8-0ubuntu0.24.04.4 [38.0 kB]
2026-10-04T06:34:13.6915965Z Get:8 http://azure.archive.ubuntu.com/ubuntu noble-updates/main amd64 libglx-mesa0 amd64 25.2.8-0ubuntu0.24.04.4 [110 kB]
2026-10-04T06:34:13.7388463Z Get:9 http://azure.archive.ubuntu.com/ubuntu noble-updates/main amd64 libgbm1 amd64 25.2.8-0ubuntu0.24.04.4 [34.2 kB]
2026-10-04T06:34:13.7858584Z Get:10 http://azure.archive.ubuntu.com/ubuntu noble-updates/main amd64 mesa-libgallium amd64 25.2.8-0ubuntu0.24.04.4 [10.8 MB]
2026-10-04T06:34:13.9900554Z Get:11 http://azure.archive.ubuntu.com/ubuntu noble/main amd64 xfonts-encodings all 1:1.0.5-0ubuntu2 [578 kB]
2026-10-04T06:34:14.0449425Z Get:12 http://azure.archive.ubuntu.com/ubuntu noble/main amd64 xfonts-utils amd64 1:7.7+6build3 [94.4 kB]
2026-10-04T06:34:14.0928361Z Get:13 http://azure.archive.ubuntu.com/ubuntu noble/universe amd64 xfonts-cyrillic all 1:1.0.5+nmu1 [384 kB]
2026-10-04T06:34:14.1467544Z Get:14 http://azure.archive.ubuntu.com/ubuntu noble/main amd64 xfonts-scalable all 1:1.0.3-1.3 [304 kB]
2026-10-04T06:34:14.4226227Z Fetched 32.1 MB in 1s (28.3 MB/s)
2026-10-04T06:34:14.4453940Z Selecting previously unselected package fonts-ipafont-gothic.
2026-10-04T06:34:14.4739962Z (Reading database ... 
2026-10-04T06:34:14.4740633Z (Reading database ... 5%
2026-10-04T06:34:14.4741138Z (Reading database ... 10%
2026-10-04T06:34:14.4741860Z (Reading database ... 15%
2026-10-04T06:34:14.4742382Z (Reading database ... 20%
2026-10-04T06:34:14.4742809Z (Reading database ... 25%
2026-10-04T06:34:14.4743231Z (Reading database ... 30%
2026-10-04T06:34:14.4743658Z (Reading database ... 35%
2026-10-04T06:34:14.4744090Z (Reading database ... 40%
2026-10-04T06:34:14.4744756Z (Reading database ... 45%
2026-10-04T06:34:14.4745195Z (Reading database ... 50%
2026-10-04T06:34:14.4800820Z (Reading database ... 55%
2026-10-04T06:34:14.6109722Z (Reading database ... 60%
2026-10-04T06:34:14.8182635Z (Reading database ... 65%
2026-10-04T06:34:15.0069039Z (Reading database ... 70%
2026-10-04T06:34:15.2095643Z (Reading database ... 75%
2026-10-04T06:34:15.3531547Z (Reading database ... 80%
2026-10-04T06:34:15.5592253Z (Reading database ... 85%
2026-10-04T06:34:15.7599169Z (Reading database ... 90%
2026-10-04T06:34:15.9144838Z (Reading database ... 95%
2026-10-04T06:34:15.9145437Z (Reading database ... 100%
2026-10-04T06:34:15.9146002Z (Reading database ... 202296 files and directories currently installed.)
2026-10-04T06:34:15.9186989Z Preparing to unpack .../00-fonts-ipafont-gothic_00303-21ubuntu1_all.deb ...
2026-10-04T06:34:15.9280556Z Unpacking fonts-ipafont-gothic (00303-21ubuntu1) ...
2026-10-04T06:34:16.1535204Z Selecting previously unselected package fonts-freefont-ttf.
2026-10-04T06:34:16.1660501Z Preparing to unpack .../01-fonts-freefont-ttf_20211204+svn4273-2_all.deb ...
2026-10-04T06:34:16.1667888Z Unpacking fonts-freefont-ttf (20211204+svn4273-2) ...
2026-10-04T06:34:16.2444919Z Selecting previously unselected package fonts-tlwg-loma-otf.
2026-10-04T06:34:16.2569457Z Preparing to unpack .../02-fonts-tlwg-loma-otf_1%3a0.7.3-1_all.deb ...
2026-10-04T06:34:16.2577207Z Unpacking fonts-tlwg-loma-otf (1:0.7.3-1) ...
2026-10-04T06:34:16.2789483Z Selecting previously unselected package fonts-unifont.
2026-10-04T06:34:16.2912695Z Preparing to unpack .../03-fonts-unifont_1%3a15.1.01-1build1_all.deb ...
2026-10-04T06:34:16.2919803Z Unpacking fonts-unifont (1:15.1.01-1build1) ...
2026-10-04T06:34:16.3968098Z Selecting previously unselected package fonts-wqy-zenhei.
2026-10-04T06:34:16.4091745Z Preparing to unpack .../04-fonts-wqy-zenhei_0.9.45-8_all.deb ...
2026-10-04T06:34:16.4191343Z Unpacking fonts-wqy-zenhei (0.9.45-8) ...
2026-10-04T06:34:16.9029201Z Preparing to unpack .../05-libgl1-mesa-dri_25.2.8-0ubuntu0.24.04.4_amd64.deb ...
2026-10-04T06:34:16.9176109Z Unpacking libgl1-mesa-dri:amd64 (25.2.8-0ubuntu0.24.04.4) over (25.2.8-0ubuntu0.24.04.2) ...
2026-10-04T06:34:16.9666698Z Preparing to unpack .../06-libglx-mesa0_25.2.8-0ubuntu0.24.04.4_amd64.deb ...
2026-10-04T06:34:16.9698205Z Unpacking libglx-mesa0:amd64 (25.2.8-0ubuntu0.24.04.4) over (25.2.8-0ubuntu0.24.04.2) ...
2026-10-04T06:34:17.0066601Z Preparing to unpack .../07-libgbm1_25.2.8-0ubuntu0.24.04.4_amd64.deb ...
2026-10-04T06:34:17.0090553Z Unpacking libgbm1:amd64 (25.2.8-0ubuntu0.24.04.4) over (25.2.8-0ubuntu0.24.04.2) ...
2026-10-04T06:34:17.0459500Z Preparing to unpack .../08-mesa-libgallium_25.2.8-0ubuntu0.24.04.4_amd64.deb ...
2026-10-04T06:34:17.0482087Z Unpacking mesa-libgallium:amd64 (25.2.8-0ubuntu0.24.04.4) over (25.2.8-0ubuntu0.24.04.2) ...
2026-10-04T06:34:17.2183130Z Selecting previously unselected package xfonts-encodings.
2026-10-04T06:34:17.2309026Z Preparing to unpack .../09-xfonts-encodings_1%3a1.0.5-0ubuntu2_all.deb ...
2026-10-04T06:34:17.2316039Z Unpacking xfonts-encodings (1:1.0.5-0ubuntu2) ...
2026-10-04T06:34:17.2600582Z Selecting previously unselected package xfonts-utils.
2026-10-04T06:34:17.2726228Z Preparing to unpack .../10-xfonts-utils_1%3a7.7+6build3_amd64.deb ...
2026-10-04T06:34:17.2733367Z Unpacking xfonts-utils (1:7.7+6build3) ...
2026-10-04T06:34:17.3122977Z Selecting previously unselected package xfonts-cyrillic.
2026-10-04T06:34:17.3249333Z Preparing to unpack .../11-xfonts-cyrillic_1%3a1.0.5+nmu1_all.deb ...
2026-10-04T06:34:17.3257723Z Unpacking xfonts-cyrillic (1:1.0.5+nmu1) ...
2026-10-04T06:34:17.3601510Z Selecting previously unselected package xfonts-scalable.
2026-10-04T06:34:17.3726666Z Preparing to unpack .../12-xfonts-scalable_1%3a1.0.3-1.3_all.deb ...
2026-10-04T06:34:17.3733768Z Unpacking xfonts-scalable (1:1.0.3-1.3) ...
2026-10-04T06:34:17.4179319Z Setting up mesa-libgallium:amd64 (25.2.8-0ubuntu0.24.04.4) ...
2026-10-04T06:34:17.4200264Z Setting up libgbm1:amd64 (25.2.8-0ubuntu0.24.04.4) ...
2026-10-04T06:34:17.4216473Z Setting up libgl1-mesa-dri:amd64 (25.2.8-0ubuntu0.24.04.4) ...
2026-10-04T06:34:17.4293633Z Setting up fonts-wqy-zenhei (0.9.45-8) ...
2026-10-04T06:34:17.4403762Z Setting up fonts-freefont-ttf (20211204+svn4273-2) ...
2026-10-04T06:34:17.4419714Z Setting up fonts-tlwg-loma-otf (1:0.7.3-1) ...
2026-10-04T06:34:17.4436437Z Setting up xfonts-encodings (1:1.0.5-0ubuntu2) ...
2026-10-04T06:34:17.4456199Z Setting up fonts-ipafont-gothic (00303-21ubuntu1) ...
2026-10-04T06:34:17.4519679Z update-alternatives: using /usr/share/fonts/opentype/ipafont-gothic/ipag.ttf to provide /usr/share/fonts/truetype/fonts-japanese-gothic.ttf (fonts-japanese-gothic.ttf) in auto mode
2026-10-04T06:34:17.4536184Z Setting up fonts-unifont (1:15.1.01-1build1) ...
2026-10-04T06:34:17.4553225Z Setting up libglx-mesa0:amd64 (25.2.8-0ubuntu0.24.04.4) ...
2026-10-04T06:34:17.4569617Z Setting up xfonts-utils (1:7.7+6build3) ...
2026-10-04T06:34:17.4608614Z Setting up xfonts-cyrillic (1:1.0.5+nmu1) ...
2026-10-04T06:34:17.4899920Z Setting up xfonts-scalable (1:1.0.3-1.3) ...
2026-10-04T06:34:17.5170387Z Processing triggers for libc-bin (2.39-0ubuntu8.9) ...
2026-10-04T06:34:17.5505124Z Processing triggers for man-db (2.12.0-4build2) ...
2026-10-04T06:34:17.5525128Z Not building database; man-db/auto-update is not 'true'.
2026-10-04T06:34:17.5536557Z Processing triggers for fontconfig (2.15.0-1.1ubuntu2) ...
2026-10-04T06:34:18.2687531Z 
2026-10-04T06:34:18.2688394Z Running kernel seems to be up-to-date.
2026-10-04T06:34:18.2688808Z 
2026-10-04T06:34:18.2689086Z No services need to be restarted.
2026-10-04T06:34:18.2689496Z 
2026-10-04T06:34:18.2689764Z No containers need to be restarted.
2026-10-04T06:34:18.2690122Z 
2026-10-04T06:34:18.2690442Z No user sessions are running outdated binaries.
2026-10-04T06:34:18.2690810Z 
2026-10-04T06:34:18.2691297Z No VM guests are running outdated hypervisor (qemu) binaries on this host.
2026-10-04T06:34:19.2270610Z Downloading Chrome for Testing 153.0.8010.12 (playwright chromium v1243) from https://cdn.playwright.dev/builds/cft/153.0.8010.12/linux64/chrome-linux64.zip
2026-10-04T06:34:19.6766860Z |                                                                                |   0% of 186.8 MiB
2026-10-04T06:34:19.8967988Z |■■■■■■■■                                                                        |  10% of 186.8 MiB
2026-10-04T06:34:19.9947117Z |■■■■■■■■■■■■■■■■                                                                |  20% of 186.8 MiB
2026-10-04T06:34:20.0933187Z |■■■■■■■■■■■■■■■■■■■■■■■■                                                        |  30% of 186.8 MiB
2026-10-04T06:34:20.1665663Z |■■■■■■■■■■■■■■■■■■■■■■■■■■■■■■■■                                                |  40% of 186.8 MiB
2026-10-04T06:34:20.2438775Z |■■■■■■■■■■■■■■■■■■■■■■■■■■■■■■■■■■■■■■■■                                        |  50% of 186.8 MiB
2026-10-04T06:34:20.3361136Z |■■■■■■■■■■■■■■■■■■■■■■■■■■■■■■■■■■■■■■■■■■■■■■■■                                |  60% of 186.8 MiB
2026-10-04T06:34:20.4145412Z |■■■■■■■■■■■■■■■■■■■■■■■■■■■■■■■■■■■■■■■■■■■■■■■■■■■■■■■■                        |  70% of 186.8 MiB
2026-10-04T06:34:20.5134384Z |■■■■■■■■■■■■■■■■■■■■■■■■■■■■■■■■■■■■■■■■■■■■■■■■■■■■■■■■■■■■■■■■                |  80% of 186.8 MiB
2026-10-04T06:34:20.5995995Z |■■■■■■■■■■■■■■■■■■■■■■■■■■■■■■■■■■■■■■■■■■■■■■■■■■■■■■■■■■■■■■■■■■■■■■■■        |  90% of 186.8 MiB
2026-10-04T06:34:20.6955527Z |■■■■■■■■■■■■■■■■■■■■■■■■■■■■■■■■■■■■■■■■■■■■■■■■■■■■■■■■■■■■■■■■■■■■■■■■■■■■■■■■| 100% of 186.8 MiB
2026-10-04T06:34:23.7948389Z Chrome for Testing 153.0.8010.12 (playwright chromium v1243) downloaded to /home/runner/.cache/ms-playwright/chromium-1243
2026-10-04T06:34:23.7953174Z Downloading FFmpeg (playwright ffmpeg v1011) from https://cdn.playwright.dev/dbazure/download/playwright/builds/ffmpeg/1011/ffmpeg-linux.zip
2026-10-04T06:34:24.2379365Z |                                                                                |   0% of 2.3 MiB
2026-10-04T06:34:24.2744453Z |■■■■■■■■                                                                        |  10% of 2.3 MiB
2026-10-04T06:34:24.2976382Z |■■■■■■■■■■■■■■■■                                                                |  20% of 2.3 MiB
2026-10-04T06:34:24.3145654Z |■■■■■■■■■■■■■■■■■■■■■■■■                                                        |  30% of 2.3 MiB
2026-10-04T06:34:24.3255738Z |■■■■■■■■■■■■■■■■■■■■■■■■■■■■■■■■                                                |  40% of 2.3 MiB
2026-10-04T06:34:24.3350800Z |■■■■■■■■■■■■■■■■■■■■■■■■■■■■■■■■■■■■■■■■                                        |  50% of 2.3 MiB
2026-10-04T06:34:24.3406633Z |■■■■■■■■■■■■■■■■■■■■■■■■■■■■■■■■■■■■■■■■■■■■■■■■                                |  60% of 2.3 MiB
2026-10-04T06:34:24.3514836Z |■■■■■■■■■■■■■■■■■■■■■■■■■■■■■■■■■■■■■■■■■■■■■■■■■■■■■■■■                        |  70% of 2.3 MiB
2026-10-04T06:34:24.3554584Z |■■■■■■■■■■■■■■■■■■■■■■■■■■■■■■■■■■■■■■■■■■■■■■■■■■■■■■■■■■■■■■■■                |  80% of 2.3 MiB
2026-10-04T06:34:24.3637426Z |■■■■■■■■■■■■■■■■■■■■■■■■■■■■■■■■■■■■■■■■■■■■■■■■■■■■■■■■■■■■■■■■■■■■■■■■        |  90% of 2.3 MiB
2026-10-04T06:34:24.3692406Z |■■■■■■■■■■■■■■■■■■■■■■■■■■■■■■■■■■■■■■■■■■■■■■■■■■■■■■■■■■■■■■■■■■■■■■■■■■■■■■■■| 100% of 2.3 MiB
2026-10-04T06:34:24.4315685Z FFmpeg (playwright ffmpeg v1011) downloaded to /home/runner/.cache/ms-playwright/ffmpeg-1011
2026-10-04T06:34:24.4319212Z Downloading Chrome Headless Shell 153.0.8010.12 (playwright chromium-headless-shell v1243) from https://cdn.playwright.dev/builds/cft/153.0.8010.12/linux64/chrome-headless-shell-linux64.zip
2026-10-04T06:34:24.8598979Z |                                                                                |   0% of 114.3 MiB
2026-10-04T06:34:25.0305714Z |■■■■■■■■                                                                        |  10% of 114.3 MiB
2026-10-04T06:34:25.1037647Z |■■■■■■■■■■■■■■■■                                                                |  20% of 114.3 MiB
2026-10-04T06:34:25.1558011Z |■■■■■■■■■■■■■■■■■■■■■■■■                                                        |  30% of 114.3 MiB
2026-10-04T06:34:25.2110004Z |■■■■■■■■■■■■■■■■■■■■■■■■■■■■■■■■                                                |  40% of 114.3 MiB
2026-10-04T06:34:25.2739456Z |■■■■■■■■■■■■■■■■■■■■■■■■■■■■■■■■■■■■■■■■                                        |  50% of 114.3 MiB
2026-10-04T06:34:25.3171093Z |■■■■■■■■■■■■■■■■■■■■■■■■■■■■■■■■■■■■■■■■■■■■■■■■                                |  60% of 114.3 MiB
2026-10-04T06:34:25.3574955Z |■■■■■■■■■■■■■■■■■■■■■■■■■■■■■■■■■■■■■■■■■■■■■■■■■■■■■■■■                        |  70% of 114.3 MiB
2026-10-04T06:34:25.4127117Z |■■■■■■■■■■■■■■■■■■■■■■■■■■■■■■■■■■■■■■■■■■■■■■■■■■■■■■■■■■■■■■■■                |  80% of 114.3 MiB
2026-10-04T06:34:25.4557911Z |■■■■■■■■■■■■■■■■■■■■■■■■■■■■■■■■■■■■■■■■■■■■■■■■■■■■■■■■■■■■■■■■■■■■■■■■        |  90% of 114.3 MiB
2026-10-04T06:34:25.4899928Z |■■■■■■■■■■■■■■■■■■■■■■■■■■■■■■■■■■■■■■■■■■■■■■■■■■■■■■■■■■■■■■■■■■■■■■■■■■■■■■■■| 100% of 114.3 MiB
2026-10-04T06:34:27.7006036Z Chrome Headless Shell 153.0.8010.12 (playwright chromium-headless-shell v1243) downloaded to /home/runner/.cache/ms-playwright/chromium_headless_shell-1243
2026-10-04T06:34:27.7315834Z ##[group]Run set -o pipefail
2026-10-04T06:34:27.7316195Z [36;1mset -o pipefail[0m
2026-10-04T06:34:27.7316491Z [36;1mpnpm test:e2e | tee ../.rc3-ci/08-e2e-tests.log[0m
2026-10-04T06:34:27.7317046Z [36;1mnode ../scripts/release/verify-playwright-results.mjs ../.rc3-ci/e2e/browser-results.json[0m
2026-10-04T06:34:27.7379245Z shell: /usr/bin/bash --noprofile --norc -e -o pipefail {0}
2026-10-04T06:34:27.7379598Z env:
2026-10-04T06:34:27.7379784Z   CI: true
2026-10-04T06:34:27.7379984Z   NEXT_TELEMETRY_DISABLED: 1
2026-10-04T06:34:27.7380286Z   PNPM_HOME: /home/runner/setup-pnpm/node_modules/.bin
2026-10-04T06:34:27.7380714Z   STORE_PATH: /home/runner/setup-pnpm/node_modules/.bin/store/v3
2026-10-04T06:34:27.7381155Z   B5_EVIDENCE_DIR: /home/runner/work/Yor-World/Yor-World/.rc3-ci/e2e
2026-10-04T06:34:27.7381614Z   C3_EVIDENCE_DIR: /home/runner/work/Yor-World/Yor-World/.rc3-ci/e2e
2026-10-04T06:34:27.7381981Z   RC3_BUILD_ID: rWjvvP7cYvTxAW4NCGg2y
2026-10-04T06:34:27.7382286Z   YOR_E2E_FIXTURE: 1
2026-10-04T06:34:27.7382597Z   YOR_TEST_DATABASE_PATH: /home/runner/work/_temp/yor-world-rc3-e2e-db
2026-10-04T06:34:27.7382985Z   CRON_SECRET: rc3-ci-synthetic-job-secret
2026-10-04T06:34:27.7383259Z ##[endgroup]
2026-10-04T06:34:28.1440746Z 
2026-10-04T06:34:28.1441587Z > yor-world@1.0.0-rc3 test:e2e /home/runner/work/Yor-World/Yor-World/app
2026-10-04T06:34:28.1442159Z > playwright test
2026-10-04T06:34:28.1442335Z 
2026-10-04T06:34:31.9676977Z 
2026-10-04T06:34:31.9677680Z Running 97 tests using 1 worker
2026-10-04T06:34:31.9678078Z 
2026-10-04T06:34:33.9793002Z   ✓   1 [chromium] › tests/e2e/accessibility.spec.ts:29:5 › C3 WCAG 2.2 AA Accessibility & Assistive Navigation › Axe automated accessibility audit on / (1.2s)
2026-10-04T06:34:35.0627235Z   ✓   2 [chromium] › tests/e2e/accessibility.spec.ts:29:5 › C3 WCAG 2.2 AA Accessibility & Assistive Navigation › Axe automated accessibility audit on /projects (1.1s)
2026-10-04T06:34:36.1570158Z   ✓   3 [chromium] › tests/e2e/accessibility.spec.ts:29:5 › C3 WCAG 2.2 AA Accessibility & Assistive Navigation › Axe automated accessibility audit on /projects/helios (1.1s)
2026-10-04T06:34:37.2589715Z   ✓   4 [chromium] › tests/e2e/accessibility.spec.ts:29:5 › C3 WCAG 2.2 AA Accessibility & Assistive Navigation › Axe automated accessibility audit on /projects/zenith (1.1s)
2026-10-04T06:34:38.3391295Z   ✓   5 [chromium] › tests/e2e/accessibility.spec.ts:29:5 › C3 WCAG 2.2 AA Accessibility & Assistive Navigation › Axe automated accessibility audit on /projects/ai-vs-real (1.1s)
2026-10-04T06:34:39.3571763Z   ✓   6 [chromium] › tests/e2e/accessibility.spec.ts:29:5 › C3 WCAG 2.2 AA Accessibility & Assistive Navigation › Axe automated accessibility audit on /projects/talks (1.0s)
2026-10-04T06:34:40.4148816Z   ✓   7 [chromium] › tests/e2e/accessibility.spec.ts:29:5 › C3 WCAG 2.2 AA Accessibility & Assistive Navigation › Axe automated accessibility audit on /admin/login (1.0s)
2026-10-04T06:34:41.4000118Z   ✓   8 [chromium] › tests/e2e/accessibility.spec.ts:29:5 › C3 WCAG 2.2 AA Accessibility & Assistive Navigation › Axe automated accessibility audit on /projects/candidatex (965ms)
2026-10-04T06:34:42.4567805Z   ✓   9 [chromium] › tests/e2e/accessibility.spec.ts:29:5 › C3 WCAG 2.2 AA Accessibility & Assistive Navigation › Axe automated accessibility audit on /about (1.0s)
2026-10-04T06:34:43.5590669Z   ✓  10 [chromium] › tests/e2e/accessibility.spec.ts:29:5 › C3 WCAG 2.2 AA Accessibility & Assistive Navigation › Axe automated accessibility audit on /resume (1.1s)
2026-10-04T06:34:44.5870963Z   ✓  11 [chromium] › tests/e2e/accessibility.spec.ts:29:5 › C3 WCAG 2.2 AA Accessibility & Assistive Navigation › Axe automated accessibility audit on /contact (1.0s)
2026-10-04T06:34:45.1243383Z   ✓  12 [chromium] › tests/e2e/accessibility.spec.ts:51:3 › C3 WCAG 2.2 AA Accessibility & Assistive Navigation › Logical heading structure and semantic landmarks exist on public shell (520ms)
2026-10-04T06:34:45.6559213Z   ✓  13 [chromium] › tests/e2e/accessibility.spec.ts:67:3 › C3 WCAG 2.2 AA Accessibility & Assistive Navigation › Skip to content link allows direct keyboard-only bypass (518ms)
2026-10-04T06:34:46.2394977Z   ✓  14 [chromium] › tests/e2e/accessibility.spec.ts:79:3 › C3 WCAG 2.2 AA Accessibility & Assistive Navigation › Interactive touch targets meet minimum 44x44 CSS px sizing requirement (565ms)
2026-10-04T06:34:46.6683589Z   ✓  15 [chromium] › tests/e2e/accessibility.spec.ts:105:3 › C3 WCAG 2.2 AA Accessibility & Assistive Navigation › Reflow check: 320 CSS px viewport width without horizontal scrollbars (408ms)
2026-10-04T06:34:47.1036905Z   ✓  16 [chromium] › tests/e2e/accessibility.spec.ts:116:3 › C3 WCAG 2.2 AA Accessibility & Assistive Navigation › Zoom / 200% reflow inspection (413ms)
2026-10-04T06:34:47.6545499Z   ✓  17 [chromium] › tests/e2e/accessibility.spec.ts:129:3 › C3 WCAG 2.2 AA Accessibility & Assistive Navigation › Every published project destination is reachable without canvas or WebGL (534ms)
2026-10-04T06:34:48.3243570Z   ✓  18 [chromium] › tests/e2e/browser-behavior.spec.ts:89:3 › G1 Combined World Integration & Browser Behavior › 1. Load: public page loads with zero 3D world scripts or models pre-entry (636ms)
2026-10-04T06:34:50.7156208Z   ✓  19 [chromium] › tests/e2e/browser-behavior.spec.ts:109:3 › G1 Combined World Integration & Browser Behavior › 2. Entry & 3. Home Camera: explicit entry mounts world with single resident and chair at F1 coordinates (2.4s)
2026-10-04T06:34:57.6306440Z   ✓  20 [chromium] › tests/e2e/browser-behavior.spec.ts:152:3 › G1 Combined World Integration & Browser Behavior › 4. Greeting & 5. Return: resident acknowledges visitor with chair turn and returns to work (6.9s)
2026-10-04T06:35:01.6736742Z   ✓  21 [chromium] › tests/e2e/browser-behavior.spec.ts:181:3 › G1 Combined World Integration & Browser Behavior › 6. Repeat: safe repeated greeting interactions without state corruption (4.0s)
2026-10-04T06:35:06.6845182Z   ✓  22 [chromium] › tests/e2e/browser-behavior.spec.ts:201:3 › G1 Combined World Integration & Browser Behavior › 7. Cancel: safe cancellation reverses along collision-checked path back to rest (5.0s)
2026-10-04T06:35:10.0252649Z   ✓  23 [chromium] › tests/e2e/browser-behavior.spec.ts:220:3 › G1 Combined World Integration & Browser Behavior › 8. Skip/Escape: instant settlement to coding pose within ≤50ms (3.3s)
2026-10-04T06:35:12.9796861Z   ✓  24 [chromium] › tests/e2e/browser-behavior.spec.ts:262:3 › G1 Combined World Integration & Browser Behavior › 9. Monitor & 10. Reverse Doorway camera navigation (2.9s)
2026-10-04T06:35:15.0026413Z   ✓  25 [chromium] › tests/e2e/browser-behavior.spec.ts:294:3 › G1 Combined World Integration & Browser Behavior › 11. Mobile Viewport: touch-friendly HUD and mobile framing (2.0s)
2026-10-04T06:35:17.6193556Z   ✓  26 [chromium] › tests/e2e/browser-behavior.spec.ts:315:3 › G1 Combined World Integration & Browser Behavior › 12. Reduced Motion & Sound Defaults (2.6s)
2026-10-04T06:35:18.6022019Z   ✓  27 [chromium] › tests/e2e/browser-behavior.spec.ts:341:3 › G1 Combined World Integration & Browser Behavior › 13. Asset Failure: graceful fallback leaves useful HTML (962ms)
2026-10-04T06:35:19.5931502Z   ✓  28 [chromium] › tests/e2e/browser-behavior.spec.ts:358:3 › G1 Combined World Integration & Browser Behavior › 14. Renderer Failure: WebGL failure caught cleanly leaving useful HTML (971ms)
2026-10-04T06:35:20.4276403Z   ✓  29 [chromium] › tests/e2e/browser-behavior.spec.ts:372:3 › G1 Combined World Integration & Browser Behavior › 15. Fallback Content with JavaScript Disabled: 100% useful semantic HTML (815ms)
2026-10-04T06:35:22.9696808Z   ✓  30 [chromium] › tests/e2e/full-stack-integration.spec.ts:38:3 › RC3 cross-lane full stack › world monitor contact command reaches the real durable contact API (2.5s)
2026-10-04T06:35:23.9209761Z   ✓  31 [chromium] › tests/e2e/full-stack-integration.spec.ts:52:3 › RC3 cross-lane full stack › renderer failure leaves the real contact form functional (937ms)
2026-10-04T06:35:24.4996936Z   ✓  32 [chromium] › tests/e2e/full-stack-integration.spec.ts:59:3 › RC3 cross-lane full stack › direct contact needs no world and canonical API replays R2 receipts and rejects conflicts (559ms)
2026-10-04T06:35:26.8986770Z   ✓  33 [chromium] › tests/e2e/full-stack-integration.spec.ts:76:3 › RC3 cross-lane full stack › public world availability does not grant admin or private API access (2.4s)
2026-10-04T06:35:30.7064654Z   ✓  34 [chromium] › tests/e2e/full-stack-integration.spec.ts:92:3 › RC3 cross-lane full stack › a real approved publication update reaches project HTML and world navigation across requests (3.8s)
2026-10-04T06:35:31.4002055Z   ✓  35 [chromium] › tests/e2e/full-stack-integration.spec.ts:137:3 › RC3 cross-lane full stack › reduced motion preserves keyboard contact and protected admin DOM flows (677ms)
2026-10-04T06:35:32.4062726Z   ✓  36 [chromium] › tests/e2e/full-stack-integration.spec.ts:150:3 › RC3 cross-lane full stack › static fallback uses approved projects and exposes no draft/private data (990ms)
2026-10-04T06:35:34.0568837Z   ✓  37 [chromium] › tests/e2e/full-stack-integration.spec.ts:164:3 › RC3 cross-lane full stack › production project routes survive an actual backend connection outage (1.6s)
2026-10-04T06:35:34.9553184Z   ✓  38 [chromium] › tests/e2e/legacy-platform/project-routes.spec.ts:37:3 › A2 Verified Portfolio Content & Project Routes › verified projects render substantive case studies with evidence audit box and valid links (876ms)
2026-10-04T06:35:35.4039237Z   ✓  39 [chromium] › tests/e2e/legacy-platform/project-routes.spec.ts:76:3 › A2 Verified Portfolio Content & Project Routes › unpublished candidate 'candidatex' returns 404 without leaking unverified data (430ms)
2026-10-04T06:35:35.8805712Z   ✓  40 [chromium] › tests/e2e/legacy-platform/project-routes.spec.ts:89:3 › A2 Verified Portfolio Content & Project Routes › unknown arbitrary slug returns 404 (457ms)
2026-10-04T06:35:36.3274417Z   ✓  41 [chromium] › tests/e2e/legacy-platform/project-routes.spec.ts:95:3 › A2 Verified Portfolio Content & Project Routes › missing figure renders accessible fallback without broken img elements (430ms)
2026-10-04T06:35:36.8478138Z   ✓  42 [chromium] › tests/e2e/legacy-platform/project-routes.spec.ts:111:3 › A2 Verified Portfolio Content & Project Routes › long title and typography resilience does not overflow or break viewport layout (501ms)
2026-10-04T06:35:37.3747197Z   ✓  43 [chromium] › tests/e2e/legacy-platform/project-routes.spec.ts:125:3 › A2 Verified Portfolio Content & Project Routes › direct refresh preserves 200 OK and rendered state (496ms)
2026-10-04T06:35:37.9261755Z   ✓  44 [chromium] › tests/e2e/legacy-platform/project-routes.spec.ts:135:3 › A2 Verified Portfolio Content & Project Routes › back navigation from project case study returns cleanly to projects index (537ms)
2026-10-04T06:35:38.5027833Z   ✓  45 [chromium] › tests/e2e/legacy-platform/project-routes.spec.ts:151:3 › A2 Verified Portfolio Content & Project Routes › JavaScript disabled: all project routes render substantive semantic HTML with zero WebGL/world requests (561ms)
2026-10-04T06:35:39.2508488Z   ✓  46 [chromium] › tests/e2e/legacy-platform/project-routes.spec.ts:203:3 › A2 Verified Portfolio Content & Project Routes › safe external links enforce strict HTTPS and security attributes across all projects (734ms)
2026-10-04T06:35:39.7583536Z   ✓  47 [chromium] › tests/e2e/legacy-platform/project-routes.spec.ts:225:3 › A2 Verified Portfolio Content & Project Routes › metadata, canonical URLs, and sitemap.xml strictly include verified projects only (490ms)
2026-10-04T06:35:53.2552092Z   ✓  48 [chromium] › tests/e2e/payload.spec.ts:7:1 › five cold loads per desktop and mobile profile record actual production payloads (13.5s)
2026-10-04T06:35:59.8937415Z   ✓  49 [chromium] › tests/e2e/physical-interactions.spec.ts:21:3 › Physical & Room Interactions: Task C1 Arbitration & Robustness › 1. Invariants: verifies single owners and high-level experience snapshot (6.6s)
2026-10-04T06:36:07.0505847Z   ✓  50 [chromium] › tests/e2e/physical-interactions.spec.ts:45:3 › Physical & Room Interactions: Task C1 Arbitration & Robustness › 2. Attack: rapid resident greeting clicks without race conditions or double-queuing (7.1s)
2026-10-04T06:36:14.5308560Z   ✓  51 [chromium] › tests/e2e/physical-interactions.spec.ts:63:3 › Physical & Room Interactions: Task C1 Arbitration & Robustness › 3. Attack: Escape key cancels interaction and restores safe explore base state (7.5s)
2026-10-04T06:36:21.5073865Z   ✓  52 [chromium] › tests/e2e/physical-interactions.spec.ts:81:3 › Physical & Room Interactions: Task C1 Arbitration & Robustness › 4. Non-geometry equivalent: accessible Room Controls toggles environment settings (7.0s)
2026-10-04T06:36:28.1821395Z   ✓  53 [chromium] › tests/e2e/physical-interactions.spec.ts:112:3 › Physical & Room Interactions: Task C1 Arbitration & Robustness › 5. Painting interaction: inspection tilt triggers spring response and discovers hidden mark (6.7s)
2026-10-04T06:36:34.9017731Z   ✓  54 [chromium] › tests/e2e/physical-interactions.spec.ts:129:3 › Physical & Room Interactions: Task C1 Arbitration & Robustness › 6. Attack: route navigation during interaction unmounts cleanly without errors (6.7s)
2026-10-04T06:36:35.4466976Z   ✓  55 [chromium] › tests/e2e/platform/admin-auth.spec.ts:14:3 › Milestone A3: Protected Admin Shell & Login E2E › loads accessible login page with email, password, and TOTP MFA controls (513ms)
2026-10-04T06:36:35.9778577Z   ✓  56 [chromium] › tests/e2e/platform/admin-auth.spec.ts:42:3 › Milestone A3: Protected Admin Shell & Login E2E › admin dashboard displays security overview and boundary disclosure (516ms)
2026-10-04T06:36:36.5777046Z   ✓  57 [chromium] › tests/e2e/platform/admin-auth.spec.ts:63:3 › Milestone A3: Protected Admin Shell & Login E2E › admin pages require zero WebGL, canvas, or 3D models (584ms)
2026-10-04T06:36:37.2633152Z   ✓  58 [chromium] › tests/e2e/platform/admin-auth.spec.ts:79:3 › Milestone A3: Protected Admin Shell & Login E2E › anonymous administration access redirects to login and private APIs deny access (667ms)
2026-10-04T06:36:37.7781683Z   ✓  59 [chromium] › tests/e2e/platform/admin-publish.spec.ts:48:3 › Milestone A4: Project Editor & Publication Management E2E › admin navigation includes links to Dashboard, Editor, and Publish (489ms)
2026-10-04T06:36:38.3237307Z   ✓  60 [chromium] › tests/e2e/platform/admin-publish.spec.ts:63:3 › Milestone A4: Project Editor & Publication Management E2E › loads project editor with structured editing controls (526ms)
2026-10-04T06:36:38.8832155Z   ✓  61 [chromium] › tests/e2e/platform/admin-publish.spec.ts:94:3 › Milestone A4: Project Editor & Publication Management E2E › loads publish review with pre-flight checklist and publication history table (545ms)
2026-10-04T06:36:39.4986627Z   ✓  62 [chromium] › tests/e2e/platform/admin-publish.spec.ts:122:3 › Milestone A4: Project Editor & Publication Management E2E › editor and publish interfaces require zero WebGL, canvas, or 3D models (598ms)
2026-10-04T06:36:40.0607342Z   ✓  63 [chromium] › tests/e2e/platform/admin-publish.spec.ts:139:3 › Milestone A4: Project Editor & Publication Management E2E › public portfolio continues to serve approved snapshot with no private media leakage (539ms)
2026-10-04T06:36:40.5182421Z   ✓  64 [chromium] › tests/e2e/platform/contact-form.spec.ts:15:3 › Milestone A5: Contact Form & Durable Receipt › contact route renders semantic HTML form without WebGL (434ms)
2026-10-04T06:36:41.0853459Z   ✓  65 [chromium] › tests/e2e/platform/contact-form.spec.ts:38:3 › Milestone A5: Contact Form & Durable Receipt › submits valid contact inquiry and displays honest durable receipt (547ms)
2026-10-04T06:36:41.5939210Z   ✓  66 [chromium] › tests/e2e/platform/contact-form.spec.ts:67:3 › Milestone A5: Contact Form & Durable Receipt › direct refresh retains accessible page and direct channels (479ms)
2026-10-04T06:36:43.6386084Z   ✓  67 [chromium] › tests/e2e/public-shell.spec.ts:54:1 › direct loads, refreshes, route headings, honest empty states and 404 (2.0s)
2026-10-04T06:36:44.8668669Z   ✓  68 [chromium] › tests/e2e/public-shell.spec.ts:88:1 › keyboard skip link and all primary destinations work without pointer input (1.2s)
2026-10-04T06:36:46.4352707Z   ✓  69 [chromium] › tests/e2e/public-shell.spec.ts:114:1 › useful HTML and native navigation remain with JavaScript disabled (1.5s)
2026-10-04T06:36:47.8801932Z   ✓  70 [chromium] › tests/e2e/public-shell.spec.ts:140:1 › world and backend requests blocked; entry reports unavailable; sound and WebGL stay off (1.4s)
2026-10-04T06:36:48.6315835Z   ✓  71 [chromium] › tests/e2e/public-shell.spec.ts:201:1 › reduced motion has no active animation or smooth travel and keeps all routes (731ms)
2026-10-04T06:36:49.5694657Z   ✓  72 [chromium] › tests/e2e/public-shell.spec.ts:218:1 › direct section anchors and browser Back preserve reachable content (925ms)
2026-10-04T06:36:52.7483851Z   ✓  73 [chromium] › tests/e2e/public-shell.spec.ts:235:1 › automated axe scan of every public route and open studio disclosure (3.2s)
2026-10-04T06:36:55.1525306Z   ✓  74 [chromium] › tests/e2e/public-shell.spec.ts:247:1 › mobile, narrow and landscape reflow preserve controls (2.4s)
2026-10-04T06:36:56.0998263Z   ✓  75 [chromium] › tests/e2e/renderer-recovery.spec.ts:13:3 › C3 Failure Recovery, Context Loss & Mobile Resilience › WebGL context loss triggers accessible WorldFallback without trapping user (924ms)
2026-10-04T06:36:56.9646340Z   ✓  76 [chromium] › tests/e2e/renderer-recovery.spec.ts:47:3 › C3 Failure Recovery, Context Loss & Mobile Resilience › Asset loading failure renders failure banner with Retry and Continue options (851ms)
2026-10-04T06:36:57.8404139Z   ✓  77 [chromium] › tests/e2e/renderer-recovery.spec.ts:69:3 › C3 Failure Recovery, Context Loss & Mobile Resilience › Renderer failure with dialog open preserves dialog interactivity in DOM (857ms)
2026-10-04T06:36:58.7315334Z   ✓  78 [chromium] › tests/e2e/renderer-recovery.spec.ts:89:3 › C3 Failure Recovery, Context Loss & Mobile Resilience › Mobile portrait (390x844) framing and touch tap interactions (877ms)
2026-10-04T06:37:00.3995961Z   ✓  79 [chromium] › tests/e2e/renderer-recovery.spec.ts:119:3 › C3 Failure Recovery, Context Loss & Mobile Resilience › Mobile landscape (844x390) responsive reflow and orientation change (1.7s)
2026-10-04T06:37:00.8997097Z   ✓  80 [chromium] › tests/e2e/room-project-navigation.spec.ts:27:3 › Milestone C2: Studio Monitor, Project Navigation, Transitions & History E2E › 1. Direct route loading of verified case studies requires zero WebGL (474ms)
2026-10-04T06:37:01.4518008Z   ✓  81 [chromium] › tests/e2e/room-project-navigation.spec.ts:42:3 › Milestone C2: Studio Monitor, Project Navigation, Transitions & History E2E › 2. Direct browser refresh preserves 200 OK and rendered case study state (535ms)
2026-10-04T06:37:01.9411710Z   ✓  82 [chromium] › tests/e2e/room-project-navigation.spec.ts:52:3 › Milestone C2: Studio Monitor, Project Navigation, Transitions & History E2E › 3. Unknown project slug returns 404 Not Found without leaking unverified data (474ms)
2026-10-04T06:37:02.4276178Z   ✓  83 [chromium] › tests/e2e/room-project-navigation.spec.ts:58:3 › Milestone C2: Studio Monitor, Project Navigation, Transitions & History E2E › 4. Unpublished candidate 'candidatex' returns 404 Not Found (469ms)
2026-10-04T06:37:03.1662295Z   ✓  84 [chromium] › tests/e2e/room-project-navigation.spec.ts:64:3 › Milestone C2: Studio Monitor, Project Navigation, Transitions & History E2E › 5. Navigation history: Back, Forward, and Return to Studio work smoothly (727ms)
2026-10-04T06:37:03.6207719Z   ✓  85 [chromium] › tests/e2e/room-project-navigation.spec.ts:94:3 › Milestone C2: Studio Monitor, Project Navigation, Transitions & History E2E › 6. Projects index lists all 4 verified projects with accessible direct links (431ms)
2026-10-04T06:37:04.8276946Z   ✓  86 [chromium] › tests/e2e/world-lifecycle.spec.ts:67:3 › B5 Production Runtime Lifecycle Foundation - Adversarial & Invariant Tests › 1. Enter -> repeated Enter: rapid enter requests never create duplicate canvas or renderer (1.2s)
2026-10-04T06:37:08.7735357Z   ✓  87 [chromium] › tests/e2e/world-lifecycle.spec.ts:90:3 › B5 Production Runtime Lifecycle Foundation - Adversarial & Invariant Tests › 2. Enter -> Skip -> late load completion: Skip settles instantly to HOME; late tasks cannot corrupt state (3.9s)
2026-10-04T06:37:11.1297942Z   ✓  88 [chromium] › tests/e2e/world-lifecycle.spec.ts:123:3 › B5 Production Runtime Lifecycle Foundation - Adversarial & Invariant Tests › 3. Enter -> Escape: pressing Escape during entrance skips directly to HOME (2.3s)
2026-10-04T06:37:12.1679054Z   ✓  89 [chromium] › tests/e2e/world-lifecycle.spec.ts:146:3 › B5 Production Runtime Lifecycle Foundation - Adversarial & Invariant Tests › 4. Enter -> route navigation: navigating to portfolio routes cancels world and unmounts canvas cleanly (1.0s)
2026-10-04T06:37:14.0997243Z   ✓  90 [chromium] › tests/e2e/world-lifecycle.spec.ts:162:3 › B5 Production Runtime Lifecycle Foundation - Adversarial & Invariant Tests › 5. Enter -> Back: browser back button returns to clean static portfolio without errors (1.9s)
2026-10-04T06:37:15.0843474Z   ✓  91 [chromium] › tests/e2e/world-lifecycle.spec.ts:179:3 › B5 Production Runtime Lifecycle Foundation - Adversarial & Invariant Tests › 6. loading -> renderer failure: simulated renderer failure gracefully renders accessible fallback (958ms)
2026-10-04T06:37:16.0807072Z   ✓  92 [chromium] › tests/e2e/world-lifecycle.spec.ts:198:3 › B5 Production Runtime Lifecycle Foundation - Adversarial & Invariant Tests › 7. failed asset -> Retry: simulated asset failure shows bounded retry (979ms)
2026-10-04T06:37:17.1124140Z   ✓  93 [chromium] › tests/e2e/world-lifecycle.spec.ts:210:3 › B5 Production Runtime Lifecycle Foundation - Adversarial & Invariant Tests › 8. failure -> Continue with portfolio: dismisses fallback and returns to clean portfolio (1.0s)
2026-10-04T06:37:19.2927394Z   ✓  94 [chromium] › tests/e2e/world-lifecycle.spec.ts:225:3 › B5 Production Runtime Lifecycle Foundation - Adversarial & Invariant Tests › 9. reduced-motion enabled before entry: bypasses camera travel directly to HOME (2.2s)
2026-10-04T06:37:22.1923983Z   ✓  95 [chromium] › tests/e2e/world-lifecycle.spec.ts:246:3 › B5 Production Runtime Lifecycle Foundation - Adversarial & Invariant Tests › 10. reduced-motion toggled during active experience: updates camera transition travel (2.9s)
2026-10-04T06:37:24.4755562Z   ✓  96 [chromium] › tests/e2e/world-lifecycle.spec.ts:267:3 › B5 Production Runtime Lifecycle Foundation - Adversarial & Invariant Tests › 11. PROVE: single owners verified across all domains (2.3s)
2026-10-04T06:37:25.4675579Z   ✓  97 [chromium] › tests/e2e/world-lifecycle.spec.ts:286:3 › B5 Production Runtime Lifecycle Foundation - Adversarial & Invariant Tests › 12. PROVE: semantic navigation survives renderer failure (974ms)
2026-10-04T06:37:25.5939596Z 
2026-10-04T06:37:25.5947773Z   97 passed (2.9m)
2026-10-04T06:37:25.6469973Z PASS browser execution: 97 expected, zero skipped/flaky/unexpected
2026-10-04T06:37:25.6536037Z ##[group]Run set -o pipefail
2026-10-04T06:37:25.6536498Z [36;1mset -o pipefail[0m
2026-10-04T06:37:25.6537270Z [36;1mpnpm exec playwright test tests/e2e/accessibility.spec.ts | tee ../.rc3-ci/09-accessibility.log[0m
2026-10-04T06:37:25.6538618Z [36;1mnode ../scripts/release/verify-playwright-results.mjs ../.rc3-ci/accessibility/browser-results.json[0m
2026-10-04T06:37:25.6610814Z shell: /usr/bin/bash --noprofile --norc -e -o pipefail {0}
2026-10-04T06:37:25.6611160Z env:
2026-10-04T06:37:25.6611343Z   CI: true
2026-10-04T06:37:25.6611543Z   NEXT_TELEMETRY_DISABLED: 1
2026-10-04T06:37:25.6611849Z   PNPM_HOME: /home/runner/setup-pnpm/node_modules/.bin
2026-10-04T06:37:25.6612249Z   STORE_PATH: /home/runner/setup-pnpm/node_modules/.bin/store/v3
2026-10-04T06:37:25.6612740Z   B5_EVIDENCE_DIR: /home/runner/work/Yor-World/Yor-World/.rc3-ci/accessibility
2026-10-04T06:37:25.6613256Z   C3_EVIDENCE_DIR: /home/runner/work/Yor-World/Yor-World/.rc3-ci/accessibility
2026-10-04T06:37:25.6613700Z   RC3_BUILD_ID: rWjvvP7cYvTxAW4NCGg2y
2026-10-04T06:37:25.6613966Z   YOR_E2E_FIXTURE: 1
2026-10-04T06:37:25.6614631Z   YOR_TEST_DATABASE_PATH: /home/runner/work/_temp/yor-world-rc3-a11y-db
2026-10-04T06:37:25.6615012Z ##[endgroup]
2026-10-04T06:37:29.5367646Z 
2026-10-04T06:37:29.5368249Z Running 17 tests using 1 worker
2026-10-04T06:37:29.5368638Z 
2026-10-04T06:37:31.4246360Z   ✓   1 [chromium] › tests/e2e/accessibility.spec.ts:29:5 › C3 WCAG 2.2 AA Accessibility & Assistive Navigation › Axe automated accessibility audit on / (1.2s)
2026-10-04T06:37:32.5071996Z   ✓   2 [chromium] › tests/e2e/accessibility.spec.ts:29:5 › C3 WCAG 2.2 AA Accessibility & Assistive Navigation › Axe automated accessibility audit on /projects (1.1s)
2026-10-04T06:37:33.5813343Z   ✓   3 [chromium] › tests/e2e/accessibility.spec.ts:29:5 › C3 WCAG 2.2 AA Accessibility & Assistive Navigation › Axe automated accessibility audit on /projects/helios (1.1s)
2026-10-04T06:37:34.6686960Z   ✓   4 [chromium] › tests/e2e/accessibility.spec.ts:29:5 › C3 WCAG 2.2 AA Accessibility & Assistive Navigation › Axe automated accessibility audit on /projects/zenith (1.1s)
2026-10-04T06:37:35.7690460Z   ✓   5 [chromium] › tests/e2e/accessibility.spec.ts:29:5 › C3 WCAG 2.2 AA Accessibility & Assistive Navigation › Axe automated accessibility audit on /projects/ai-vs-real (1.1s)
2026-10-04T06:37:36.8168882Z   ✓   6 [chromium] › tests/e2e/accessibility.spec.ts:29:5 › C3 WCAG 2.2 AA Accessibility & Assistive Navigation › Axe automated accessibility audit on /projects/talks (1.0s)
2026-10-04T06:37:37.8437959Z   ✓   7 [chromium] › tests/e2e/accessibility.spec.ts:29:5 › C3 WCAG 2.2 AA Accessibility & Assistive Navigation › Axe automated accessibility audit on /admin/login (1.0s)
2026-10-04T06:37:38.8055718Z   ✓   8 [chromium] › tests/e2e/accessibility.spec.ts:29:5 › C3 WCAG 2.2 AA Accessibility & Assistive Navigation › Axe automated accessibility audit on /projects/candidatex (943ms)
2026-10-04T06:37:39.8730391Z   ✓   9 [chromium] › tests/e2e/accessibility.spec.ts:29:5 › C3 WCAG 2.2 AA Accessibility & Assistive Navigation › Axe automated accessibility audit on /about (1.0s)
2026-10-04T06:37:40.9460460Z   ✓  10 [chromium] › tests/e2e/accessibility.spec.ts:29:5 › C3 WCAG 2.2 AA Accessibility & Assistive Navigation › Axe automated accessibility audit on /resume (1.1s)
2026-10-04T06:37:41.9466960Z   ✓  11 [chromium] › tests/e2e/accessibility.spec.ts:29:5 › C3 WCAG 2.2 AA Accessibility & Assistive Navigation › Axe automated accessibility audit on /contact (981ms)
2026-10-04T06:37:42.4678801Z   ✓  12 [chromium] › tests/e2e/accessibility.spec.ts:51:3 › C3 WCAG 2.2 AA Accessibility & Assistive Navigation › Logical heading structure and semantic landmarks exist on public shell (507ms)
2026-10-04T06:37:43.0037272Z   ✓  13 [chromium] › tests/e2e/accessibility.spec.ts:67:3 › C3 WCAG 2.2 AA Accessibility & Assistive Navigation › Skip to content link allows direct keyboard-only bypass (520ms)
2026-10-04T06:37:43.5810223Z   ✓  14 [chromium] › tests/e2e/accessibility.spec.ts:79:3 › C3 WCAG 2.2 AA Accessibility & Assistive Navigation › Interactive touch targets meet minimum 44x44 CSS px sizing requirement (563ms)
2026-10-04T06:37:43.9612613Z   ✓  15 [chromium] › tests/e2e/accessibility.spec.ts:105:3 › C3 WCAG 2.2 AA Accessibility & Assistive Navigation › Reflow check: 320 CSS px viewport width without horizontal scrollbars (362ms)
2026-10-04T06:37:44.4095592Z   ✓  16 [chromium] › tests/e2e/accessibility.spec.ts:116:3 › C3 WCAG 2.2 AA Accessibility & Assistive Navigation › Zoom / 200% reflow inspection (427ms)
2026-10-04T06:37:44.9476171Z   ✓  17 [chromium] › tests/e2e/accessibility.spec.ts:129:3 › C3 WCAG 2.2 AA Accessibility & Assistive Navigation › Every published project destination is reachable without canvas or WebGL (522ms)
2026-10-04T06:37:45.0572855Z 
2026-10-04T06:37:45.0578284Z   17 passed (18.4s)
2026-10-04T06:37:45.1086624Z PASS browser execution: 17 expected, zero skipped/flaky/unexpected
2026-10-04T06:37:45.1148867Z ##[group]Run set -o pipefail
2026-10-04T06:37:45.1149188Z [36;1mset -o pipefail[0m
2026-10-04T06:37:45.1149542Z [36;1mpnpm test:performance | tee ../.rc3-ci/10-performance-tests.log[0m
2026-10-04T06:37:45.1150218Z [36;1mnode ../scripts/release/verify-playwright-results.mjs ../.rc3-ci/performance/performance-results.json[0m
2026-10-04T06:37:45.1213890Z shell: /usr/bin/bash --noprofile --norc -e -o pipefail {0}
2026-10-04T06:37:45.1214564Z env:
2026-10-04T06:37:45.1214761Z   CI: true
2026-10-04T06:37:45.1214970Z   NEXT_TELEMETRY_DISABLED: 1
2026-10-04T06:37:45.1215274Z   PNPM_HOME: /home/runner/setup-pnpm/node_modules/.bin
2026-10-04T06:37:45.1215680Z   STORE_PATH: /home/runner/setup-pnpm/node_modules/.bin/store/v3
2026-10-04T06:37:45.1216137Z   B5_EVIDENCE_DIR: /home/runner/work/Yor-World/Yor-World/.rc3-ci/e2e
2026-10-04T06:37:45.1216622Z   C3_EVIDENCE_DIR: /home/runner/work/Yor-World/Yor-World/.rc3-ci/performance
2026-10-04T06:37:45.1217056Z   RC3_BUILD_ID: rWjvvP7cYvTxAW4NCGg2y
2026-10-04T06:37:45.1217325Z ##[endgroup]
2026-10-04T06:37:45.5277866Z 
2026-10-04T06:37:45.5278750Z > yor-world@1.0.0-rc3 test:performance /home/runner/work/Yor-World/Yor-World/app
2026-10-04T06:37:45.5279693Z > playwright test --config playwright.performance.config.ts
2026-10-04T06:37:45.5280066Z 
2026-10-04T06:37:46.9306181Z 
2026-10-04T06:37:46.9306921Z Running 6 tests using 1 worker
2026-10-04T06:37:46.9307292Z 
2026-10-04T06:37:47.4997657Z   ✓  1 [chromium] › tests/performance/world.spec.ts:26:3 › C3 Performance Benchmarks & Budget Verification › captures actual dynamic public HTML payloads for the current production build (107ms)
2026-10-04T06:37:49.1787072Z   ✓  2 [chromium] › tests/performance/world.spec.ts:43:5 › C3 Performance Benchmarks & Budget Verification › Five cold loads on desktop-1440x900 (1.5s)
2026-10-04T06:37:50.4913264Z   ✓  3 [chromium] › tests/performance/world.spec.ts:43:5 › C3 Performance Benchmarks & Budget Verification › Five cold loads on mobile-390x844 (1.3s)
2026-10-04T06:37:51.7206173Z   ✓  4 [chromium] › tests/performance/world.spec.ts:43:5 › C3 Performance Benchmarks & Budget Verification › Five cold loads on narrow-320x600 (1.2s)
2026-10-04T06:38:03.4813354Z   ✘  5 [chromium] › tests/performance/world.spec.ts:76:3 › C3 Performance Benchmarks & Budget Verification › 60-second active interaction route and frame pacing (11.7s)
2026-10-04T06:38:06.4246895Z   ✓  6 [chromium] › tests/performance/world.spec.ts:185:3 › C3 Performance Benchmarks & Budget Verification › Enter/exit resource stability over multiple studio cycles (2.3s)
2026-10-04T06:38:06.5128803Z 
2026-10-04T06:38:06.5133276Z 
2026-10-04T06:38:06.5143706Z   1) [chromium] › tests/performance/world.spec.ts:76:3 › C3 Performance Benchmarks & Budget Verification › 60-second active interaction route and frame pacing 
2026-10-04T06:38:06.5145221Z 
2026-10-04T06:38:06.5145507Z     Error: expect(received).toBeNull()
2026-10-04T06:38:06.5145842Z 
2026-10-04T06:38:06.5146471Z     Received: "World canvas detached, hidden, or renderer stopped for more than one second."
2026-10-04T06:38:06.5147148Z 
2026-10-04T06:38:06.5147334Z       175 |     });
2026-10-04T06:38:06.5147707Z       176 |
2026-10-04T06:38:06.5148266Z     > 177 |     expect(framePacingData.failureReason).toBeNull();
2026-10-04T06:38:06.5148961Z           |                                           ^
2026-10-04T06:38:06.5149728Z       178 |     expect(framePacingData.worldContinuouslyActive).toBe(true);
2026-10-04T06:38:06.5150744Z       179 |     expect(framePacingData.routeDurationMs).toBeGreaterThanOrEqual(60_000);
2026-10-04T06:38:06.5151718Z       180 |     expect(framePacingData.interactionsCompleted).toBe(60);
2026-10-04T06:38:06.5152432Z         at /home/runner/work/Yor-World/Yor-World/app/tests/performance/world.spec.ts:177:43
2026-10-04T06:38:06.5152856Z 
2026-10-04T06:38:06.5153406Z     Error Context: test-results/world-C3-Performance-Bench-abb8e-tion-route-and-frame-pacing-chromium/error-context.md
2026-10-04T06:38:06.5153980Z 
2026-10-04T06:38:06.5154617Z   1 failed
2026-10-04T06:38:06.5155657Z     [chromium] › tests/performance/world.spec.ts:76:3 › C3 Performance Benchmarks & Budget Verification › 60-second active interaction route and frame pacing 
2026-10-04T06:38:06.5156449Z   5 passed (20.4s)
2026-10-04T06:38:06.5332230Z  ELIFECYCLE  Command failed with exit code 1.
2026-10-04T06:38:06.5732328Z ##[error]Process completed with exit code 1.
2026-10-04T06:38:06.5813115Z ##[group]Run actions/upload-artifact@v4
2026-10-04T06:38:06.5813420Z with:
2026-10-04T06:38:06.5813687Z   name: rc3-quality-2a1864a0648146462b45ba25e0bbc797cf37f3cd
2026-10-04T06:38:06.5814016Z   path: .rc3-ci/
2026-10-04T06:38:06.5814437Z   include-hidden-files: true
2026-10-04T06:38:06.5814686Z   retention-days: 14
2026-10-04T06:38:06.5814909Z   if-no-files-found: warn
2026-10-04T06:38:06.5815159Z   compression-level: 6
2026-10-04T06:38:06.5815370Z   overwrite: false
2026-10-04T06:38:06.5815564Z env:
2026-10-04T06:38:06.5815739Z   CI: true
2026-10-04T06:38:06.5815936Z   NEXT_TELEMETRY_DISABLED: 1
2026-10-04T06:38:06.5816221Z   PNPM_HOME: /home/runner/setup-pnpm/node_modules/.bin
2026-10-04T06:38:06.5816609Z   STORE_PATH: /home/runner/setup-pnpm/node_modules/.bin/store/v3
2026-10-04T06:38:06.5817038Z   B5_EVIDENCE_DIR: /home/runner/work/Yor-World/Yor-World/.rc3-ci/e2e
2026-10-04T06:38:06.5817471Z   C3_EVIDENCE_DIR: /home/runner/work/Yor-World/Yor-World/.rc3-ci/e2e
2026-10-04T06:38:06.5817855Z   RC3_BUILD_ID: rWjvvP7cYvTxAW4NCGg2y
2026-10-04T06:38:06.5818112Z ##[endgroup]
2026-10-04T06:38:06.7509226Z (node:9506) [DEP0040] DeprecationWarning: The `punycode` module is deprecated. Please use a userland alternative instead.
2026-10-04T06:38:06.7510068Z (Use `node --trace-deprecation ...` to show where the warning was created)
2026-10-04T06:38:06.7693253Z With the provided path, there will be 64 files uploaded
2026-10-04T06:38:06.7699648Z Artifact name is valid!
2026-10-04T06:38:06.7700331Z Root directory input is valid!
2026-10-04T06:38:07.1201974Z Beginning upload of artifact content to blob storage
2026-10-04T06:38:07.2760211Z (node:9506) [DEP0169] DeprecationWarning: `url.parse()` behavior is not standardized and prone to errors that have security implications. Use the WHATWG URL API instead. CVEs are not issued for `url.parse()` vulnerabilities.
2026-10-04T06:38:07.8415806Z Uploaded bytes 2291703
2026-10-04T06:38:07.8997684Z Finished uploading artifact content to blob storage!
2026-10-04T06:38:07.8999112Z SHA256 digest of uploaded artifact zip is c8adcb7d742b114afab971a50eca77fb66d356c598468239fc779e5201a8b320
2026-10-04T06:38:07.9000249Z Finalizing artifact upload
2026-10-04T06:38:08.1481462Z Artifact rc3-quality-2a1864a0648146462b45ba25e0bbc797cf37f3cd.zip successfully finalized. Artifact ID 11295593730
2026-10-04T06:38:08.1483498Z Artifact rc3-quality-2a1864a0648146462b45ba25e0bbc797cf37f3cd has been successfully uploaded! Final size is 2291703 bytes. Artifact ID is 11295593730
2026-10-04T06:38:08.1488437Z Artifact download URL: https://github.com/yorayriniwnl/Yor-World/actions/runs/37183110590/artifacts/11295593730
2026-10-04T06:38:08.1661774Z Post job cleanup.
2026-10-04T06:38:08.3165573Z Pruning is unnecessary.
2026-10-04T06:38:08.3342836Z Post job cleanup.
2026-10-04T06:38:08.4244388Z [command]/usr/bin/git version
2026-10-04T06:38:08.4290155Z git version 2.55.0
2026-10-04T06:38:08.4334436Z Temporarily overriding HOME='/home/runner/work/_temp/32c58d04-53b6-413a-9d41-e41b1cbb6d6e' before making global git config changes
2026-10-04T06:38:08.4336218Z Adding repository directory to the temporary git global config as a safe directory
2026-10-04T06:38:08.4341082Z [command]/usr/bin/git config --global --add safe.directory /home/runner/work/Yor-World/Yor-World
2026-10-04T06:38:08.4385269Z [command]/usr/bin/git config --local --name-only --get-regexp core\.sshCommand
2026-10-04T06:38:08.4424908Z [command]/usr/bin/git submodule foreach --recursive sh -c "git config --local --name-only --get-regexp 'core\.sshCommand' && git config --local --unset-all 'core.sshCommand' || :"
2026-10-04T06:38:08.4695746Z [command]/usr/bin/git config --local --name-only --get-regexp http\.https\:\/\/github\.com\/\.extraheader
2026-10-04T06:38:08.4721249Z http.https://github.com/.extraheader
2026-10-04T06:38:08.4736280Z [command]/usr/bin/git config --local --unset-all http.https://github.com/.extraheader
2026-10-04T06:38:08.4781823Z [command]/usr/bin/git submodule foreach --recursive sh -c "git config --local --name-only --get-regexp 'http\.https\:\/\/github\.com\/\.extraheader' && git config --local --unset-all 'http.https://github.com/.extraheader' || :"
2026-10-04T06:38:08.5070722Z [command]/usr/bin/git config --local --name-only --get-regexp ^includeIf\.gitdir:
2026-10-04T06:38:08.5113735Z [command]/usr/bin/git submodule foreach --recursive git config --local --show-origin --name-only --get-regexp remote.origin.url
2026-10-04T06:38:08.5528248Z Cleaning up orphan processes
2026-10-04T06:38:08.5892290Z ##[warning]Node.js 20 is deprecated. The following actions target Node.js 20 but are being forced to run on Node.js 24: actions/cache@v4, actions/setup-node@v4, actions/upload-artifact@v4, pnpm/action-setup@v4. For more information see: https://github.blog/changelog/2025-09-19-deprecation-of-node-20-on-github-actions-runners/
